current_relationships,proposed_unified_model,key_entities,relationship_changes,consolidation_benefits,implementation_challenges,data_lineage_impact,response_id,dashboard_id,current_relationships_count,current_relationships_text,key_entities_count,key_entities_text,relationship_changes_count,relationship_changes_text,consolidation_benefits_count,consolidation_benefits_text,implementation_challenges_count,implementation_challenges_text
"['Transactional data (sales bookings/revenue) linked to Advertisers, Publications, and various Date dimensions (Booking Date, Client Reporting Date, Fiscal Week, Financial Year).', 'Implicit relationships between sales transactions and business rules (e.g., status, division, publication exclusions).']","A star schema centered around a `SalesTransactionFact` table. This fact table will contain key measures (e.g., gross revenue, volume) and foreign keys linking to conformed dimensions such as `DateDim` (supporting fiscal and calendar, booking/reporting dates), `AdvertiserDim`, `PublicationDim`, `ProductDim`, `SalesTeamDim`, and `SourceSystemDim`. This model will explicitly handle actuals, bookings, and forecasts.","['Sales Transaction', 'Date (Fiscal & Calendar)', 'Advertiser', 'Publication', 'Product', 'Sales Team', 'Source System']","['Standardize date dimension keys to support multiple date types (booking, reporting) and fiscal periods consistently.', 'Consolidate advertiser and publication dimensions if they originate from disparate systems or have inconsistent keys.', ""Explicitly model the relationship between sales transactions and their status (e.g., 'Booked', 'Billed', 'Forecast') to enable clear categorization of revenue."", 'Ensure consistent primary/foreign key relationships across all dimensions and the fact table, especially for data originating from different source systems implied by the record count discrepancy.']","['Provides a single, consistent source of truth for all sales performance data, reducing discrepancies across reports.', 'Enables easier cross-functional analysis by standardizing dimensions like Advertiser and Publication.', 'Simplifies future reporting and dashboard development by providing a clean, well-structured data model.', 'Improves data governance and quality by centralizing business rules and transformations.']","['Reconciling different date definitions and granularities (e.g., fiscal week vs. calendar month, booking date vs. client reporting date).', ""Accurately translating and applying complex business exclusion rules (e.g., 'suddenly_rule', 'division_rule', 'status_rule') to the new model."", 'Handling the future-dated nature of some revenue data (bookings, forecasts) in a way that is clear and consistent for business users.', ""Resolving the underlying 'no_data' issue for the primary analysis to ensure the new model effectively serves the dashboard's purpose.""]","The new model will establish a clear and traceable data lineage from raw source system data through the consolidated ETL process to the final reporting layer, improving transparency and auditability. It will reduce the complexity of current data flows by centralizing transformations.",1,52c11c9c-052a-4e45-9cda-8fecd87d7964,2,"Transactional data (sales bookings/revenue) linked to Advertisers, Publications, and various Date dimensions (Booking Date, Client Reporting Date, Fiscal Week, Financial Year)., Implicit relationships between sales transactions and business rules (e.g., status, division, publication exclusions).",7,"Sales Transaction, Date (Fiscal & Calendar), Advertiser, Publication, Product, Sales Team, Source System",4,"Standardize date dimension keys to support multiple date types (booking, reporting) and fiscal periods consistently., Consolidate advertiser and publication dimensions if they originate from disparate systems or have inconsistent keys., Explicitly model the relationship between sales transactions and their status (e.g., 'Booked', 'Billed', 'Forecast') to enable clear categorization of revenue., Ensure consistent primary/foreign key relationships across all dimensions and the fact table, especially for data originating from different source systems implied by the record count discrepancy.",4,"Provides a single, consistent source of truth for all sales performance data, reducing discrepancies across reports., Enables easier cross-functional analysis by standardizing dimensions like Advertiser and Publication., Simplifies future reporting and dashboard development by providing a clean, well-structured data model., Improves data governance and quality by centralizing business rules and transformations.",4,"Reconciling different date definitions and granularities (e.g., fiscal week vs. calendar month, booking date vs. client reporting date)., Accurately translating and applying complex business exclusion rules (e.g., 'suddenly_rule', 'division_rule', 'status_rule') to the new model., Handling the future-dated nature of some revenue data (bookings, forecasts) in a way that is clear and consistent for business users., Resolving the underlying 'no_data' issue for the primary analysis to ensure the new model effectively serves the dashboard's purpose."
"[""N/A - Specific current relationships unknown due to 'no_data' from queries. Assumed to involve relationships between sales, customer, product, and date dimensions.""]","A star schema or snowflake schema centered around a 'Circulation Event' fact table, linked to conformed dimensions such as 'Dim_Date', 'Dim_Customer', 'Dim_Product', 'Dim_Channel', and 'Dim_Geography'. This model would support various finance performance metrics.","['Circulation Event (Fact)', 'Customer (Dimension)', 'Product (Dimension)', 'Date (Dimension)', 'Channel (Dimension)', 'Geography (Dimension)']","['Standardize primary and foreign key relationships across all finance domains.', 'Eliminate redundant or inconsistent joins.', 'Enforce referential integrity rules for all consolidated entities.', 'Introduce new relationships to support cross-domain analysis (e.g., linking circulation data to marketing spend or customer lifetime value).']","['Improved data consistency and accuracy across finance reporting.', 'Simplified data access for analysts and business users.', 'Reduced data duplication and storage costs.', 'Enhanced ability to perform cross-functional analysis (e.g., linking circulation to profitability).', 'Better data governance and auditability.']","['Reconciling disparate data granularity and definitions from existing sources.', 'Managing data quality issues identified during profiling and migration.', 'Ensuring backward compatibility for existing reports and dashboards during transition.', 'Obtaining business consensus on unified definitions and data models.', 'Performance optimization for the new unified data model with large volumes of historical data.']","The consolidation will establish a clear, traceable data lineage from source systems through the unified data model to the consolidated dashboards. This will significantly improve transparency, auditability, and impact analysis for data changes.",3,2104a3f5-9424-4087-a928-e67fecae789a,1,"N/A - Specific current relationships unknown due to 'no_data' from queries. Assumed to involve relationships between sales, customer, product, and date dimensions.",6,"Circulation Event (Fact), Customer (Dimension), Product (Dimension), Date (Dimension), Channel (Dimension), Geography (Dimension)",4,"Standardize primary and foreign key relationships across all finance domains., Eliminate redundant or inconsistent joins., Enforce referential integrity rules for all consolidated entities., Introduce new relationships to support cross-domain analysis (e.g., linking circulation data to marketing spend or customer lifetime value).",5,"Improved data consistency and accuracy across finance reporting., Simplified data access for analysts and business users., Reduced data duplication and storage costs., Enhanced ability to perform cross-functional analysis (e.g., linking circulation to profitability)., Better data governance and auditability.",5,"Reconciling disparate data granularity and definitions from existing sources., Managing data quality issues identified during profiling and migration., Ensuring backward compatibility for existing reports and dashboards during transition., Obtaining business consensus on unified definitions and data models., Performance optimization for the new unified data model with large volumes of historical data."
"['Transactional data (movement_date, subscriber_id_src, sold_in_rate_plan_code) forms the core grain.', 'Implicit relationships to masthead, subscription type, and source channel via direct columns.', 'Time-based relationships through various date and fiscal period columns (financial_year, fiscal_week_id, calendar_year, etc.).', 'Budget and forecast metrics are directly embedded alongside actuals, implying a single, complex fact table.']","A star schema model with a central 'Fact_Subscription_Movement' table (for actuals) and potentially separate 'Fact_Subscription_Budget' and 'Fact_Subscription_Forecast' tables (or a 'Scenario' dimension within the main fact). This will be linked to robust dimension tables: 'Dim_Date', 'Dim_Subscriber', 'Dim_RatePlan', 'Dim_Masthead', 'Dim_SourceChannel', 'Dim_OfferCategory', and 'Dim_SourceSystem'.","['Subscriber', 'Subscription (Rate Plan)', 'Masthead', 'Date', 'Movement Type (Acquisition, Cancellation, Base Change)', 'Scenario (Actual, Budget, Forecast)']","['Explicit foreign key relationships between fact and dimension tables.', ""Standardization of date keys to link to a single 'Dim_Date' table."", ""Introduction of a 'Scenario_Type_ID' to differentiate actuals, budget, and forecast, either as a dimension or to separate fact tables."", ""Clear definition of primary keys for all dimension tables (e.g., 'subscriber_id', 'rate_plan_code').""]","['Improved data integrity and consistency.', 'Enhanced query performance due to optimized star schema.', 'Clear separation of actuals from planning data, reducing ambiguity.', 'Easier integration with other finance domains through shared dimensions (e.g., Dim_Date).', 'Simplified dashboard development and maintenance.']","[""Reconciling the future-dated 'movement_date' into a coherent actuals/planning model."", 'Correcting the complex business logic for acquisitions and ensuring historical data consistency.', 'Managing the migration of a large volume of historical transactional data (1.2M records).']","The data lineage will shift from potentially complex, ad-hoc transformations within the Looker Studio data source to a more structured, auditable ETL pipeline feeding the new unified data model. This will provide clearer visibility into data transformations and origins.",4,6e8b534b-485a-48dd-842d-13dc6bebb01a,4,"Transactional data (movement_date, subscriber_id_src, sold_in_rate_plan_code) forms the core grain., Implicit relationships to masthead, subscription type, and source channel via direct columns., Time-based relationships through various date and fiscal period columns (financial_year, fiscal_week_id, calendar_year, etc.)., Budget and forecast metrics are directly embedded alongside actuals, implying a single, complex fact table.",6,"Subscriber, Subscription (Rate Plan), Masthead, Date, Movement Type (Acquisition, Cancellation, Base Change), Scenario (Actual, Budget, Forecast)",4,"Explicit foreign key relationships between fact and dimension tables., Standardization of date keys to link to a single 'Dim_Date' table., Introduction of a 'Scenario_Type_ID' to differentiate actuals, budget, and forecast, either as a dimension or to separate fact tables., Clear definition of primary keys for all dimension tables (e.g., 'subscriber_id', 'rate_plan_code').",5,"Improved data integrity and consistency., Enhanced query performance due to optimized star schema., Clear separation of actuals from planning data, reducing ambiguity., Easier integration with other finance domains through shared dimensions (e.g., Dim_Date)., Simplified dashboard development and maintenance.",3,"Reconciling the future-dated 'movement_date' into a coherent actuals/planning model., Correcting the complex business logic for acquisitions and ensuring historical data consistency., Managing the migration of a large volume of historical transactional data (1.2M records)."
"[""The current model appears to be a highly denormalized, wide fact table, where many dimensional attributes are directly embedded as columns. This implies implicit relationships based on column names and data content rather than explicit foreign key constraints. For example, 'masthead' and 'masthead_grouping' are likely related but exist as separate columns within the same flat structure.""]","A star schema model with a central `Fact_Finance_Acquisition` table. This fact table will contain key measures (e.g., Unified_Gross_Revenue_Amount, Unified_Acquisition_Count, Unified_Budget_Amount) and foreign keys linking to conformed dimension tables. Key dimension tables will include: `Dim_Date`, `Dim_Advertiser`, `Dim_Masthead`, `Dim_Subscription`, `Dim_Channel`, `Dim_Revenue_Type`, `Dim_Product`, `Dim_Sales_Segment`, `Dim_Source_System`, `Dim_Scenario`.","['Date (Fiscal/Calendar)', 'Advertiser (Parent/Child)', 'Masthead/Publication', 'Subscription (Type, Offer Category)', 'Channel (Source Channel)', 'Revenue Type', 'Product Group', 'Sales Segment', 'Source System', 'Scenario (Actual, Budget, Forecast, Target)']","['Normalization of dimensional attributes: Extracting redundant dimensional columns into dedicated dimension tables.', 'Establishment of explicit foreign key relationships between the `Fact_Finance_Acquisition` table and all conformed dimension tables.', 'Creation of a `Dim_Date` table to handle mixed date grains (fiscal, calendar, week, month, quarter, year) consistently.', 'Consolidation of similar dimensions (e.g., `Advertiser`, `advertiser_name`, `advertiser_parent`, `advertiser_group` into a single `Dim_Advertiser`).', 'Introduction of a `Dim_Scenario` to differentiate between actuals, budgets, forecasts, and targets.']","['Improved data integrity and consistency by enforcing referential integrity.', 'Reduced data redundancy, leading to smaller fact tables and improved query performance.', 'Enhanced flexibility for analysis, allowing users to slice and dice data across any conformed dimension.', 'Simplified data model for future development and maintenance.', 'Clearer business definitions and reduced ambiguity for metrics and dimensions.']","['Complex ETL/ELT development to transform the wide source table into a star schema.', 'Historical data backfilling and ensuring data consistency across different periods.', 'Managing the large number of existing columns and mapping them accurately to new dimensions and facts.', 'Addressing data quality issues (e.g., `source_channel` nulls) during the transformation process.']","The new model will introduce a clear, traceable data lineage from source systems through the unified fact and dimension tables to the Looker Studio dashboard. This will significantly improve transparency and auditability compared to the current denormalized structure. Each transformation step will be documented, providing a clear path from raw data to final metrics.",5,4d22b4c2-4bb3-49db-a0c1-4d46d4fba101,1,"The current model appears to be a highly denormalized, wide fact table, where many dimensional attributes are directly embedded as columns. This implies implicit relationships based on column names and data content rather than explicit foreign key constraints. For example, 'masthead' and 'masthead_grouping' are likely related but exist as separate columns within the same flat structure.",10,"Date (Fiscal/Calendar), Advertiser (Parent/Child), Masthead/Publication, Subscription (Type, Offer Category), Channel (Source Channel), Revenue Type, Product Group, Sales Segment, Source System, Scenario (Actual, Budget, Forecast, Target)",5,"Normalization of dimensional attributes: Extracting redundant dimensional columns into dedicated dimension tables., Establishment of explicit foreign key relationships between the `Fact_Finance_Acquisition` table and all conformed dimension tables., Creation of a `Dim_Date` table to handle mixed date grains (fiscal, calendar, week, month, quarter, year) consistently., Consolidation of similar dimensions (e.g., `Advertiser`, `advertiser_name`, `advertiser_parent`, `advertiser_group` into a single `Dim_Advertiser`)., Introduction of a `Dim_Scenario` to differentiate between actuals, budgets, forecasts, and targets.",5,"Improved data integrity and consistency by enforcing referential integrity., Reduced data redundancy, leading to smaller fact tables and improved query performance., Enhanced flexibility for analysis, allowing users to slice and dice data across any conformed dimension., Simplified data model for future development and maintenance., Clearer business definitions and reduced ambiguity for metrics and dimensions.",4,"Complex ETL/ELT development to transform the wide source table into a star schema., Historical data backfilling and ensuring data consistency across different periods., Managing the large number of existing columns and mapping them accurately to new dimensions and facts., Addressing data quality issues (e.g., `source_channel` nulls) during the transformation process."
['Cannot fully describe current relationships without access to the underlying data sources and their schemas. Assumed relationships: Sales data linked to Publisher and Product dimensions via IDs.'],"A star schema or snowflake schema centered around a `fct_finance_transactions` fact table. This fact table would contain all financial transaction details (e.g., sales, returns, payouts, expenses) at the lowest possible grain. It would be linked to conformed dimensions such as `dim_date`, `dim_publisher`, `dim_product`, `dim_customer`, `dim_account`, and `dim_currency`.","['Finance Transaction (Fact)', 'Date (Dimension)', 'Publisher (Dimension)', 'Product (Dimension)', 'Customer (Dimension)', 'Account (Dimension)']","['Moving from potentially disparate source-specific joins to standardized foreign key relationships with conformed dimensions.', 'Enforcing referential integrity across the consolidated model.', ""Potentially introducing new relationships (e.g., linking transactions to specific campaigns or channels) not present in the original dashboard's underlying data.""]","['Single source of truth for all finance-related metrics.', 'Improved data consistency and accuracy across reports.', 'Simplified data access for new dashboard development.', 'Enhanced ability to combine data from different finance sub-domains (e.g., sales with marketing spend).', 'Reduced data redundancy and maintenance overhead.']","['Mapping complex existing business logic and calculations to the new unified model.', 'Ensuring data quality and completeness during the migration process.', 'Managing historical data migration and reconciliation.', 'Coordinating with multiple business stakeholders to define and agree on conformed dimensions and metrics.', 'Performance optimization of the new consolidated model for Looker Studio queries.']","The new model will establish a clear and traceable data lineage from raw source systems through staging, transformation, and into the consolidated data warehouse. This will significantly improve data governance and auditability compared to potentially fragmented current lineage.",8,d3bcf796-2396-4a6f-b0a3-da0b7f299a58,1,Cannot fully describe current relationships without access to the underlying data sources and their schemas. Assumed relationships: Sales data linked to Publisher and Product dimensions via IDs.,6,"Finance Transaction (Fact), Date (Dimension), Publisher (Dimension), Product (Dimension), Customer (Dimension), Account (Dimension)",3,"Moving from potentially disparate source-specific joins to standardized foreign key relationships with conformed dimensions., Enforcing referential integrity across the consolidated model., Potentially introducing new relationships (e.g., linking transactions to specific campaigns or channels) not present in the original dashboard's underlying data.",5,"Single source of truth for all finance-related metrics., Improved data consistency and accuracy across reports., Simplified data access for new dashboard development., Enhanced ability to combine data from different finance sub-domains (e.g., sales with marketing spend)., Reduced data redundancy and maintenance overhead.",5,"Mapping complex existing business logic and calculations to the new unified model., Ensuring data quality and completeness during the migration process., Managing historical data migration and reconciliation., Coordinating with multiple business stakeholders to define and agree on conformed dimensions and metrics., Performance optimization of the new consolidated model for Looker Studio queries."
"[""Cannot determine current data relationships due to 'no_data' status from all BigQuery queries. The underlying data model and its connections are not accessible for analysis.""]","A unified data model for digital subscriptions would likely involve core entities such as 'Subscriptions', 'Customers', 'Products/Services', 'Transactions', and 'Marketing Campaigns'. These entities would be linked via customer IDs, subscription IDs, product IDs, and transaction IDs. The model should support historical tracking of subscription status, billing events, and customer interactions to provide a comprehensive view.","['Subscriptions', 'Customers', 'Products', 'Transactions', 'Billing Events']","[""The primary change required is to establish *any* functional data relationships, as the current state is 'no_data'. Once data is flowing, relationships will need to be defined and validated against the proposed unified model to ensure consistency and accuracy.""]","['Improved data consistency and accuracy for subscription metrics across all reports.', 'Centralized and holistic view of the customer subscription lifecycle.', 'Enhanced ability to analyze churn, retention, and Average Revenue Per User (ARPU) across different dimensions.', ""Reduced data redundancy and simplified reporting infrastructure (once the 'no_data' issue is resolved and consolidation proceeds).""]","[""Critical: Resolving the 'no_data' issue and identifying the actual current data sources and their schema."", ""Aligning disparate definitions of 'subscription', 'customer', and 'revenue' if multiple source systems are involved."", 'Handling historical data migration and backfilling into the new unified model.']","Currently, data lineage is broken due to 'no_data'. Post-consolidation, the goal is to establish clear, traceable lineage from source systems (e.g., CRM, billing systems) through the unified BigQuery model to the consolidated Looker Studio dashboards, ensuring transparency and auditability.",9,5dae02f0-dc48-418c-bdf9-5e5d2b1d6e26,1,Cannot determine current data relationships due to 'no_data' status from all BigQuery queries. The underlying data model and its connections are not accessible for analysis.,5,"Subscriptions, Customers, Products, Transactions, Billing Events",1,"The primary change required is to establish *any* functional data relationships, as the current state is 'no_data'. Once data is flowing, relationships will need to be defined and validated against the proposed unified model to ensure consistency and accuracy.",4,"Improved data consistency and accuracy for subscription metrics across all reports., Centralized and holistic view of the customer subscription lifecycle., Enhanced ability to analyze churn, retention, and Average Revenue Per User (ARPU) across different dimensions., Reduced data redundancy and simplified reporting infrastructure (once the 'no_data' issue is resolved and consolidation proceeds).",3,"Critical: Resolving the 'no_data' issue and identifying the actual current data sources and their schema., Aligning disparate definitions of 'subscription', 'customer', and 'revenue' if multiple source systems are involved., Handling historical data migration and backfilling into the new unified model."
"['The current model appears to be a large, denormalized table where all attributes are directly available. Relationships are implicitly managed through GROUP BY clauses in SQL queries.', ""Advertiser attributes (e.g., 'Advertiser', 'Advertiser_Parent') are directly embedded."", ""Publication attributes ('unified_publication_name', 'masthead') are embedded."", ""Date dimensions ('financial_year', 'financial_quarter', 'financial_short_month') are embedded as columns."", ""Sales hierarchy ('Sales_Group', 'sales_segment_l_2_name') is embedded.""]","A star schema design centered around a 'fact_sales_revenue' table, linked to several dimension tables:
- `fact_sales_revenue`: Contains granular sales transaction data and key measures (e.g., gross_revenue_amount, net_revenue_amount, pipeline_amount, target_amount).
- `dim_date`: Standardized date attributes (financial_year, financial_quarter, financial_month, calendar_year, calendar_month, etc.).
- `dim_advertiser`: Advertiser details (advertiser_key, advertiser_id, advertiser_name, advertiser_parent_name, etc.).
- `dim_publication`: Publication details (publication_key, publication_name, masthead, etc.).
- `dim_sales_segment`: Sales hierarchy details (sales_segment_key, sales_segment_l2_name, sales_group, etc.).
- `dim_revenue_type`: Standardized revenue categorization (revenue_type_key, revenue_category_name).
- `dim_source_system`: Source system details (source_system_key, source_system_name).","['Sales Transaction/Booking', 'Date', 'Advertiser', 'Publication', 'Sales Segment', 'Revenue Type', 'Source System']","['Transition from implicit relationships within a wide table to explicit foreign key relationships between the fact table and dimension tables.', 'Centralization of date-related attributes into a dedicated `dim_date` table, ensuring consistent time intelligence.', 'Standardization of hierarchies (e.g., Advertiser Parent-Child, Sales Segment levels) within their respective dimension tables.', 'Decoupling of descriptive attributes from the fact table into conformed dimensions.']","['Improved data consistency and integrity through controlled relationships and master data management.', 'Reduced data redundancy by storing descriptive attributes once in dimension tables.', 'Enhanced query performance for analytical workloads due to star schema optimization.', 'Simplified data governance and maintenance by clearly separating facts and dimensions.', 'Facilitates cross-dashboard consistency and reusability of data assets.', 'Provides a scalable foundation for future analytical requirements.']","['Significant ETL/ELT development effort to transform and load data into the new star schema.', 'Ensuring accurate historical data migration and alignment with new dimension keys.', 'Managing the transition and potential disruption for existing Looker Studio dashboards and users.', 'Achieving consensus on standardized business definitions for all dimensions and facts.', 'Potential for increased join complexity in some queries if not properly optimized.']","Data will flow from disparate source systems into a staging layer, then undergo transformations and be loaded into the new conformed dimension and fact tables. This establishes a clearer, more traceable, and auditable data lineage compared to the current potentially complex and ad-hoc view structures. The new model will serve as the single source of truth for sales revenue data.",12,9269e9c6-1ad0-4415-96c3-aca8a710ba01,5,"The current model appears to be a large, denormalized table where all attributes are directly available. Relationships are implicitly managed through GROUP BY clauses in SQL queries., Advertiser attributes (e.g., 'Advertiser', 'Advertiser_Parent') are directly embedded., Publication attributes ('unified_publication_name', 'masthead') are embedded., Date dimensions ('financial_year', 'financial_quarter', 'financial_short_month') are embedded as columns., Sales hierarchy ('Sales_Group', 'sales_segment_l_2_name') is embedded.",7,"Sales Transaction/Booking, Date, Advertiser, Publication, Sales Segment, Revenue Type, Source System",4,"Transition from implicit relationships within a wide table to explicit foreign key relationships between the fact table and dimension tables., Centralization of date-related attributes into a dedicated `dim_date` table, ensuring consistent time intelligence., Standardization of hierarchies (e.g., Advertiser Parent-Child, Sales Segment levels) within their respective dimension tables., Decoupling of descriptive attributes from the fact table into conformed dimensions.",6,"Improved data consistency and integrity through controlled relationships and master data management., Reduced data redundancy by storing descriptive attributes once in dimension tables., Enhanced query performance for analytical workloads due to star schema optimization., Simplified data governance and maintenance by clearly separating facts and dimensions., Facilitates cross-dashboard consistency and reusability of data assets., Provides a scalable foundation for future analytical requirements.",5,"Significant ETL/ELT development effort to transform and load data into the new star schema., Ensuring accurate historical data migration and alignment with new dimension keys., Managing the transition and potential disruption for existing Looker Studio dashboards and users., Achieving consensus on standardized business definitions for all dimensions and facts., Potential for increased join complexity in some queries if not properly optimized."
"['Likely a star schema or flat file structure where sales transactions are linked to customer, product, and date dimensions. Sales targets might be in a separate table linked by time and organizational unit.']","The proposed model will be a consolidated star schema within the 'finance_consolidated' dataset. It will feature a central 'fct_sales_transactions' fact table and 'fct_sales_targets' fact table, linked to shared, conformed dimensions such as 'dim_date', 'dim_customer', 'dim_product', 'dim_organization', and 'dim_currency'. This ensures consistent definitions and relationships across all finance-related reporting.","['Sales Transaction', 'Sales Target', 'Customer', 'Product', 'Date', 'Organization (Team/Region)', 'Currency']","['Existing direct table joins will be replaced by joins to conformed dimensions in the unified model.', 'Potential for new relationships to other finance domains (e.g., GL, Cost of Goods Sold) will be established.', 'Granularity of some dimensions (e.g., date, organization) may need to be standardized.']","['Eliminates data silos and inconsistencies between sales and finance reporting.', 'Provides a single source of truth for sales performance metrics.', 'Simplifies data access and analysis for cross-functional reporting.', 'Improves data governance and quality through standardized definitions.']","[""Aligning different definitions of 'customer' or 'product' from various source systems."", 'Handling historical data inconsistencies and backfilling missing information.', 'Managing data volume and performance for large transactional datasets.', 'Ensuring business user adoption of the new data model and dashboards.']","The migration will establish a clear data lineage from disparate sales source systems through the unified finance data model to the consolidated Looker Studio dashboards. This will improve traceability, auditability, and impact analysis for data changes.",15,80ca81f3-0671-40ef-a0a9-825a1580ca1b,1,"Likely a star schema or flat file structure where sales transactions are linked to customer, product, and date dimensions. Sales targets might be in a separate table linked by time and organizational unit.",7,"Sales Transaction, Sales Target, Customer, Product, Date, Organization (Team/Region), Currency",3,"Existing direct table joins will be replaced by joins to conformed dimensions in the unified model., Potential for new relationships to other finance domains (e.g., GL, Cost of Goods Sold) will be established., Granularity of some dimensions (e.g., date, organization) may need to be standardized.",4,"Eliminates data silos and inconsistencies between sales and finance reporting., Provides a single source of truth for sales performance metrics., Simplifies data access and analysis for cross-functional reporting., Improves data governance and quality through standardized definitions.",4,"Aligning different definitions of 'customer' or 'product' from various source systems., Handling historical data inconsistencies and backfilling missing information., Managing data volume and performance for large transactional datasets., Ensuring business user adoption of the new data model and dashboards."
"[""Revenue transactions are linked to specific 'movement_dates' (currently future-dated)."", ""Transactions are associated with 'advertiser_groups' and 'portfolio_parent_groups'."", ""Revenue is categorized by 'revenue_types' (e.g., Xtend, Programmatic)."", ""There's a detailed transactional grain indicated by 'approx_unique_booking_line_ids'.""]","A star schema model with a central `Fact_Revenue` table. This fact table will contain transactional revenue details and foreign keys linking to various dimension tables. Key dimensions will include `Dim_Date` (supporting both fiscal and calendar views), `Dim_Advertiser`, `Dim_RevenueType`, `Dim_Portfolio`, and potentially `Dim_Product` if product-level data is available.","['Revenue Transaction (Fact)', 'Date (Dimension - Fiscal & Calendar)', 'Advertiser (Dimension)', 'Revenue Type (Dimension)', 'Portfolio (Dimension)', 'Booking Line (Dimension/Attribute within Fact)']","[""Standardize date dimensions to explicitly support both fiscal and calendar year/month/week structures, resolving the 'mixed' date grain."", 'Ensure consistent keying and hierarchies for Advertiser and Portfolio dimensions across all finance data.', ""Formalize the 'Revenue Type' categorization into a dedicated dimension or a clearly defined attribute within the fact table."", ""Clarify and integrate the 'movement_date' into a consistent date strategy (e.g., as `booking_date` or `forecast_date` if not actual transaction date).""]","['Provides a single source of truth for revenue data, reducing discrepancies.', 'Enables consistent reporting and analysis across different finance dashboards.', 'Simplifies data access and understanding for business users.', 'Improves data governance and quality by centralizing definitions and transformations.']","[""Reconciling the interpretation and handling of the future-dated 'movement_date'."", 'Ensuring all necessary granularities and attributes from the current transactional data are captured in the new model.', ""Migrating existing dashboard logic and calculations to align with the new model's structure and definitions."", 'Managing the large volume of transactional data (2.8M records) during migration and ensuring performance.']","The new model will establish a clear and traceable data lineage from source systems through the consolidated fact and dimension tables, improving auditability and data understanding.",16,a1b901e6-c4fb-44bc-955a-3d7070c15829,4,"Revenue transactions are linked to specific 'movement_dates' (currently future-dated)., Transactions are associated with 'advertiser_groups' and 'portfolio_parent_groups'., Revenue is categorized by 'revenue_types' (e.g., Xtend, Programmatic)., There's a detailed transactional grain indicated by 'approx_unique_booking_line_ids'.",6,"Revenue Transaction (Fact), Date (Dimension - Fiscal & Calendar), Advertiser (Dimension), Revenue Type (Dimension), Portfolio (Dimension), Booking Line (Dimension/Attribute within Fact)",4,"Standardize date dimensions to explicitly support both fiscal and calendar year/month/week structures, resolving the 'mixed' date grain., Ensure consistent keying and hierarchies for Advertiser and Portfolio dimensions across all finance data., Formalize the 'Revenue Type' categorization into a dedicated dimension or a clearly defined attribute within the fact table., Clarify and integrate the 'movement_date' into a consistent date strategy (e.g., as `booking_date` or `forecast_date` if not actual transaction date).",4,"Provides a single source of truth for revenue data, reducing discrepancies., Enables consistent reporting and analysis across different finance dashboards., Simplifies data access and understanding for business users., Improves data governance and quality by centralizing definitions and transformations.",4,"Reconciling the interpretation and handling of the future-dated 'movement_date'., Ensuring all necessary granularities and attributes from the current transactional data are captured in the new model., Migrating existing dashboard logic and calculations to align with the new model's structure and definitions., Managing the large volume of transactional data (2.8M records) during migration and ensuring performance."
"Effectively non-existent or broken, as the dashboard returns `total_records: 0`. Conceptually, it would involve relationships between financial transactions, advertisers, and dates.","A star schema centered around a `fact_contra_revenue` table. This fact table would contain transaction amounts (actual, gross, net, etc.) and foreign keys linking to various dimension tables. Key dimensions would include `dim_date`, `dim_advertiser`, `dim_product`, `dim_account`, `dim_source_system`, and `dim_transaction_status`.","['Fact: Contra Revenue Transactions', 'Dimension: Date (Fiscal Year, Month, Week)', 'Dimension: Advertiser (Parent, Group, Name)', 'Dimension: Account (Adpoint, Genera, etc.)', 'Dimension: Product (Group, L1-L4, Name)', 'Dimension: Source System', 'Dimension: Transaction Status']","['Establish explicit foreign key relationships from `fact_contra_revenue` to all relevant dimension tables.', 'Ensure consistent key definitions (e.g., `advertiser_id`, `date_key`) across all related tables.', 'Implement time-based relationships for fiscal and calendar periods.']","['Provides a single, consistent view of contra revenue data.', 'Enables accurate cross-dimensional analysis (e.g., contra by advertiser, by product, by fiscal period).', 'Improves data integrity and reduces reconciliation efforts.', 'Facilitates easier integration with other finance reports (e.g., Gross Revenue, Net Revenue).']","[""Resolving the current 'no data' issue is paramount."", ""Defining clear business rules for what constitutes 'contra' revenue and how it's calculated."", 'Mapping diverse source system identifiers to unified dimension keys.', 'Handling historical data migration and ensuring data consistency over time.']","The new model will establish a clear and traceable data lineage from source systems (once identified and fixed) through the consolidated fact and dimension tables, to the final dashboard metrics. This will significantly improve auditability and understanding of data flow.",17,b9dfd2f4-92fa-4f81-a5b1-17de880470f9,181,"E, f, f, e, c, t, i, v, e, l, y,  , n, o, n, -, e, x, i, s, t, e, n, t,  , o, r,  , b, r, o, k, e, n, ,,  , a, s,  , t, h, e,  , d, a, s, h, b, o, a, r, d,  , r, e, t, u, r, n, s,  , `, t, o, t, a, l, _, r, e, c, o, r, d, s, :,  , 0, `, .,  , C, o, n, c, e, p, t, u, a, l, l, y, ,,  , i, t,  , w, o, u, l, d,  , i, n, v, o, l, v, e,  , r, e, l, a, t, i, o, n, s, h, i, p, s,  , b, e, t, w, e, e, n,  , f, i, n, a, n, c, i, a, l,  , t, r, a, n, s, a, c, t, i, o, n, s, ,,  , a, d, v, e, r, t, i, s, e, r, s, ,,  , a, n, d,  , d, a, t, e, s, .",7,"Fact: Contra Revenue Transactions, Dimension: Date (Fiscal Year, Month, Week), Dimension: Advertiser (Parent, Group, Name), Dimension: Account (Adpoint, Genera, etc.), Dimension: Product (Group, L1-L4, Name), Dimension: Source System, Dimension: Transaction Status",3,"Establish explicit foreign key relationships from `fact_contra_revenue` to all relevant dimension tables., Ensure consistent key definitions (e.g., `advertiser_id`, `date_key`) across all related tables., Implement time-based relationships for fiscal and calendar periods.",4,"Provides a single, consistent view of contra revenue data., Enables accurate cross-dimensional analysis (e.g., contra by advertiser, by product, by fiscal period)., Improves data integrity and reduces reconciliation efforts., Facilitates easier integration with other finance reports (e.g., Gross Revenue, Net Revenue).",4,"Resolving the current 'no data' issue is paramount., Defining clear business rules for what constitutes 'contra' revenue and how it's calculated., Mapping diverse source system identifiers to unified dimension keys., Handling historical data migration and ensuring data consistency over time."
"Cannot be determined due to the lack of actual data and SQL analysis results. Typically, a finance optimization dashboard would relate to core financial entities like accounts, cost centers, periods, and transactions.","A unified finance data model typically centralizes core financial dimensions (e.g., Chart of Accounts, Cost Centers, Business Units, Time) and facts (e.g., Journal Entries, Budgets, Forecasts). Specific design requires understanding current dashboard's data relationships.","['General Ledger Accounts', 'Cost Centers', 'Business Units', 'Time (Fiscal Periods)', 'Financial Transactions']",Cannot be specified without understanding current relationships. Likely involves standardizing foreign key relationships and potentially introducing new linking tables for cross-domain analysis.,"['Enhanced data consistency across all finance reporting.', 'Reduced data redundancy and improved data integrity.', 'Simplified data access and analysis for users.', 'Improved performance through optimized data structures.', 'Better support for advanced analytics and forecasting.']","['Critical challenge: Lack of actual data for analysis and design.', 'Potential for complex data transformations to align disparate sources.', 'Ensuring backward compatibility for existing reports (if not migrating them).', 'Managing change and user adoption for new data models and dashboards.']","Significant impact. New data lineage will trace from the consolidated data model, requiring clear documentation of all transformations from source systems to the new unified dashboard. This will improve transparency and auditability.",18,bb49fa78-5abe-4e68-a9c1-8172a832e724,217,"C, a, n, n, o, t,  , b, e,  , d, e, t, e, r, m, i, n, e, d,  , d, u, e,  , t, o,  , t, h, e,  , l, a, c, k,  , o, f,  , a, c, t, u, a, l,  , d, a, t, a,  , a, n, d,  , S, Q, L,  , a, n, a, l, y, s, i, s,  , r, e, s, u, l, t, s, .,  , T, y, p, i, c, a, l, l, y, ,,  , a,  , f, i, n, a, n, c, e,  , o, p, t, i, m, i, z, a, t, i, o, n,  , d, a, s, h, b, o, a, r, d,  , w, o, u, l, d,  , r, e, l, a, t, e,  , t, o,  , c, o, r, e,  , f, i, n, a, n, c, i, a, l,  , e, n, t, i, t, i, e, s,  , l, i, k, e,  , a, c, c, o, u, n, t, s, ,,  , c, o, s, t,  , c, e, n, t, e, r, s, ,,  , p, e, r, i, o, d, s, ,,  , a, n, d,  , t, r, a, n, s, a, c, t, i, o, n, s, .",5,"General Ledger Accounts, Cost Centers, Business Units, Time (Fiscal Periods), Financial Transactions",194,"C, a, n, n, o, t,  , b, e,  , s, p, e, c, i, f, i, e, d,  , w, i, t, h, o, u, t,  , u, n, d, e, r, s, t, a, n, d, i, n, g,  , c, u, r, r, e, n, t,  , r, e, l, a, t, i, o, n, s, h, i, p, s, .,  , L, i, k, e, l, y,  , i, n, v, o, l, v, e, s,  , s, t, a, n, d, a, r, d, i, z, i, n, g,  , f, o, r, e, i, g, n,  , k, e, y,  , r, e, l, a, t, i, o, n, s, h, i, p, s,  , a, n, d,  , p, o, t, e, n, t, i, a, l, l, y,  , i, n, t, r, o, d, u, c, i, n, g,  , n, e, w,  , l, i, n, k, i, n, g,  , t, a, b, l, e, s,  , f, o, r,  , c, r, o, s, s, -, d, o, m, a, i, n,  , a, n, a, l, y, s, i, s, .",5,"Enhanced data consistency across all finance reporting., Reduced data redundancy and improved data integrity., Simplified data access and analysis for users., Improved performance through optimized data structures., Better support for advanced analytics and forecasting.",4,"Critical challenge: Lack of actual data for analysis and design., Potential for complex data transformations to align disparate sources., Ensuring backward compatibility for existing reports (if not migrating them)., Managing change and user adoption for new data models and dashboards."
"[""Cannot determine current data relationships due to 'no_data' from analysis queries. Assumed to be a flat table or a simple join of advertising performance data with dimensions like date, campaign, ad group, etc.""]","A star schema or snowflake schema centered around a 'Fact_AdvertisingPerformance' table, linked to dimension tables such as 'Dim_Date', 'Dim_Campaign', 'Dim_AdPlatform', 'Dim_Geography', 'Dim_Product'. This model would support various aggregation levels and slice-and-dice analysis for programmatic data.","['Date', 'Campaign', 'Ad Group', 'Ad Creative', 'Ad Platform', 'Impressions', 'Clicks', 'Spend', 'Conversions']","[""Standardize key fields across different ad platforms (e.g., 'campaign_id', 'ad_platform_name')."", 'Establish clear foreign key relationships between fact and dimension tables.', 'Implement consistent date granularity (daily) for all advertising data.']","['Unified view of programmatic advertising performance across all platforms.', 'Improved data consistency and accuracy.', 'Simplified reporting and analysis.', 'Reduced data redundancy and storage costs.', 'Enhanced ability to cross-analyze performance with other finance data.']","['Identifying and mapping disparate campaign/ad IDs from various platforms.', 'Handling different attribution models or conversion definitions across platforms.', 'Managing currency conversions if data comes from multiple regions.', 'Ensuring historical data consistency during migration.']","The unified model will create a clear, traceable data lineage from raw ad platform data through staging to the consolidated performance fact table, improving governance and auditability.",20,b15d856f-e3ce-4991-bf2a-92395390524f,1,"Cannot determine current data relationships due to 'no_data' from analysis queries. Assumed to be a flat table or a simple join of advertising performance data with dimensions like date, campaign, ad group, etc.",9,"Date, Campaign, Ad Group, Ad Creative, Ad Platform, Impressions, Clicks, Spend, Conversions",3,"Standardize key fields across different ad platforms (e.g., 'campaign_id', 'ad_platform_name')., Establish clear foreign key relationships between fact and dimension tables., Implement consistent date granularity (daily) for all advertising data.",5,"Unified view of programmatic advertising performance across all platforms., Improved data consistency and accuracy., Simplified reporting and analysis., Reduced data redundancy and storage costs., Enhanced ability to cross-analyze performance with other finance data.",4,"Identifying and mapping disparate campaign/ad IDs from various platforms., Handling different attribution models or conversion definitions across platforms., Managing currency conversions if data comes from multiple regions., Ensuring historical data consistency during migration."
"['The current model implies a central fact-like table containing ad sales transaction/booking data (total_records, gross_revenue_amount) linked to various implicit dimensions such as:', '- Time (financial_year, financial_week)', '- Advertiser (unique_advertisers, unique_advertiser_parents)', '- Media Network (unique_media_networks)', '- Publication (unique_publication_codes, unique_publication_names)', '- Product (unique_product_groups, unique_product_names)', '- Revenue Type (unique_revenue_subtypes, unique_revenue_types)', '- Sales Channel (unique_sales_channels)', 'Relationships are likely established through common keys, enabling aggregations and filtering for pacing reports.']","A robust star schema centered around a `fct_ad_sales_revenue` table. This fact table will contain all granular ad sales revenue data, including gross and net amounts, linked to conformed dimensions for consistent reporting across the enterprise. Key dimensions will include `dim_time`, `dim_advertiser`, `dim_publication`, `dim_product`, `dim_revenue_type`, and `dim_sales_channel`.","['Ad Sales Transaction/Booking (Fact)', 'Time (Fiscal Year, Fiscal Week)', 'Advertiser', 'Publication/Masthead', 'Product/Service', 'Revenue Type/Subtype', 'Sales Channel']","['**Standardize Time Dimension**: Replace disparate date/week columns with a single, conformed `dim_time` table, ensuring consistent fiscal calendar definitions.', '**Conform Dimensions**: Unify existing advertiser, publication, and product dimensions (if present in other dashboards) into single, conformed dimensions to eliminate redundancy and ensure consistent attribute definitions.', '**Explicit Foreign Keys**: Establish clear foreign key relationships between the `fct_ad_sales_revenue` table and all relevant dimension tables.', '**Revenue Type Hierarchy**: Model `unique_revenue_subtypes` and `unique_revenue_types` within a `dim_revenue_type` to support hierarchical analysis.', '**Business Rule Integration**: Ensure that the logic for rules like `financial_week_exclusion_rule` is either integrated into the ETL process populating the fact table or implemented as a view on top of the fact table, rather than being ad-hoc in dashboards.']","['**Single Source of Truth**: Provides a consistent and reliable source for all ad sales revenue data across the organization.', '**Improved Data Governance**: Centralized definitions and relationships enhance data quality, auditability, and maintainability.', '**Enhanced Analytics**: Enables easier cross-functional analysis by linking ad sales data with other financial and operational data points.', '**Reduced Redundancy**: Eliminates duplicate data models and calculations, streamlining reporting and reducing development effort.', '**Scalability**: A well-designed star schema is more scalable for growing data volumes and complex queries.']","[""**Reconciling Definitions**: Aligning differing definitions of 'revenue' or 'actual amount' if they exist across various sales dashboards."", ""**Complex Business Logic**: Accurately translating and implementing intricate business rules (like the 10.78% exclusion rule) into the new data model's ETL/ELT processes."", '**Performance Tuning**: Optimizing the new fact table and dimension joins for query performance, especially with 5.8M+ records.', '**Data Migration Strategy**: Ensuring a robust and validated process for migrating historical data and ongoing incremental loads.']","The new unified model will provide a clear and traceable data lineage for all ad sales revenue. Data will flow from source systems through a defined ETL/ELT process into the conformed fact and dimension tables, then to consolidated reports. This will significantly improve transparency and simplify troubleshooting compared to disparate dashboard-specific data sources.",24,3ee20092-1897-49b7-8bcd-4157d5f816eb,9,"The current model implies a central fact-like table containing ad sales transaction/booking data (total_records, gross_revenue_amount) linked to various implicit dimensions such as:, - Time (financial_year, financial_week), - Advertiser (unique_advertisers, unique_advertiser_parents), - Media Network (unique_media_networks), - Publication (unique_publication_codes, unique_publication_names), - Product (unique_product_groups, unique_product_names), - Revenue Type (unique_revenue_subtypes, unique_revenue_types), - Sales Channel (unique_sales_channels), Relationships are likely established through common keys, enabling aggregations and filtering for pacing reports.",7,"Ad Sales Transaction/Booking (Fact), Time (Fiscal Year, Fiscal Week), Advertiser, Publication/Masthead, Product/Service, Revenue Type/Subtype, Sales Channel",5,"**Standardize Time Dimension**: Replace disparate date/week columns with a single, conformed `dim_time` table, ensuring consistent fiscal calendar definitions., **Conform Dimensions**: Unify existing advertiser, publication, and product dimensions (if present in other dashboards) into single, conformed dimensions to eliminate redundancy and ensure consistent attribute definitions., **Explicit Foreign Keys**: Establish clear foreign key relationships between the `fct_ad_sales_revenue` table and all relevant dimension tables., **Revenue Type Hierarchy**: Model `unique_revenue_subtypes` and `unique_revenue_types` within a `dim_revenue_type` to support hierarchical analysis., **Business Rule Integration**: Ensure that the logic for rules like `financial_week_exclusion_rule` is either integrated into the ETL process populating the fact table or implemented as a view on top of the fact table, rather than being ad-hoc in dashboards.",5,"**Single Source of Truth**: Provides a consistent and reliable source for all ad sales revenue data across the organization., **Improved Data Governance**: Centralized definitions and relationships enhance data quality, auditability, and maintainability., **Enhanced Analytics**: Enables easier cross-functional analysis by linking ad sales data with other financial and operational data points., **Reduced Redundancy**: Eliminates duplicate data models and calculations, streamlining reporting and reducing development effort., **Scalability**: A well-designed star schema is more scalable for growing data volumes and complex queries.",4,"**Reconciling Definitions**: Aligning differing definitions of 'revenue' or 'actual amount' if they exist across various sales dashboards., **Complex Business Logic**: Accurately translating and implementing intricate business rules (like the 10.78% exclusion rule) into the new data model's ETL/ELT processes., **Performance Tuning**: Optimizing the new fact table and dimension joins for query performance, especially with 5.8M+ records., **Data Migration Strategy**: Ensuring a robust and validated process for migrating historical data and ongoing incremental loads."
"['Implicit relationships between financial amounts and various dimensions (Advertiser, Product, Media Network, Masthead, Financial Year/Quarter/Month) through direct column presence in a wide, aggregated view.', 'Scenario-based metrics are presented as separate columns, implying a 1:1 relationship between a scenario type and its value within a record.']","A star schema centered around a `finance_transaction_fact` table. This fact table will contain granular financial amounts (e.g., `Unified_Financial_Amount`, `Gross_Revenue_Amount`, `Net_Revenue_Amount`, `Pipeline_Amount`, `Target_Amount`) and foreign keys linking to various dimension tables. Key dimension tables will include:
- `dim_date`: For all calendar and fiscal date attributes (year, quarter, month, week, day).
- `dim_advertiser`: For advertiser details, parent groups, and customer status.
- `dim_product`: For product categories, sub-categories, and ad sizes.
- `dim_scenario`: For financial scenario types (Actual, Budget, Estimate, Forecast).
- `dim_revenue_type`: For detailed revenue classifications.
- `dim_sales_segment`: For sales group, GSD, and media network information.
- `dim_masthead`: For masthead details and groupings.
- `dim_source_system`: For tracking the origin of the data.","['Date (Fiscal & Calendar)', 'Advertiser', 'Product/Service', 'Financial Scenario', 'Revenue Type', 'Sales Segment', 'Masthead/Publication', 'Source System']","['Transforming scenario-specific amount columns into a single `Unified_Financial_Amount` column with a `Scenario_Type` foreign key to `dim_scenario`.', 'Creating a dedicated `dim_date` table to handle all date-related attributes, replacing implicit date handling and enabling flexible time-series analysis.', 'Normalizing dimensional attributes (e.g., Advertiser, Product, Sales Segment) into dedicated dimension tables to reduce redundancy and improve data integrity.', 'Centralizing all financial amounts (gross revenue, net revenue, spend, budget, forecast, pipeline, target) into the `finance_transaction_fact` table, ensuring consistent units and definitions.', 'Encoding complex business rules (e.g., digital recognition, specific filters) as attributes in dimension tables or as flags/derived columns in the fact table, rather than embedding them in dashboard queries.']","['Improved data consistency and accuracy across all finance reports.', 'Simplified dashboard development and maintenance due to a cleaner, more normalized data model.', 'Enhanced analytical capabilities, allowing for easier cross-scenario and time-series comparisons.', 'Reduced data redundancy and storage costs.', 'Better data governance and auditability by centralizing business logic.', 'Increased performance for complex queries by leveraging optimized star schema joins.']","['Extracting and standardizing complex, embedded business rules from existing queries.', ""Handling the unit inconsistency for monetary values (e.g., '_k' suffix) during ETL."", 'Ensuring historical data consistency during migration to the new model.', 'Managing the transition for existing Looker Studio dashboards and reports.', 'Obtaining business sign-off on new metric definitions and data model changes.']","The new model will establish a clearer data lineage from source systems through the consolidated fact and dimension tables to the final dashboard metrics. This will improve traceability, debugging, and impact analysis for any data changes. The `table_union_source` column suggests existing unions, which will need to be carefully re-implemented in the consolidated ETL process.",26,52dd1ac1-19b5-4695-a7e6-632ef7a9dba3,2,"Implicit relationships between financial amounts and various dimensions (Advertiser, Product, Media Network, Masthead, Financial Year/Quarter/Month) through direct column presence in a wide, aggregated view., Scenario-based metrics are presented as separate columns, implying a 1:1 relationship between a scenario type and its value within a record.",8,"Date (Fiscal & Calendar), Advertiser, Product/Service, Financial Scenario, Revenue Type, Sales Segment, Masthead/Publication, Source System",5,"Transforming scenario-specific amount columns into a single `Unified_Financial_Amount` column with a `Scenario_Type` foreign key to `dim_scenario`., Creating a dedicated `dim_date` table to handle all date-related attributes, replacing implicit date handling and enabling flexible time-series analysis., Normalizing dimensional attributes (e.g., Advertiser, Product, Sales Segment) into dedicated dimension tables to reduce redundancy and improve data integrity., Centralizing all financial amounts (gross revenue, net revenue, spend, budget, forecast, pipeline, target) into the `finance_transaction_fact` table, ensuring consistent units and definitions., Encoding complex business rules (e.g., digital recognition, specific filters) as attributes in dimension tables or as flags/derived columns in the fact table, rather than embedding them in dashboard queries.",6,"Improved data consistency and accuracy across all finance reports., Simplified dashboard development and maintenance due to a cleaner, more normalized data model., Enhanced analytical capabilities, allowing for easier cross-scenario and time-series comparisons., Reduced data redundancy and storage costs., Better data governance and auditability by centralizing business logic., Increased performance for complex queries by leveraging optimized star schema joins.",5,"Extracting and standardizing complex, embedded business rules from existing queries., Handling the unit inconsistency for monetary values (e.g., '_k' suffix) during ETL., Ensuring historical data consistency during migration to the new model., Managing the transition for existing Looker Studio dashboards and reports., Obtaining business sign-off on new metric definitions and data model changes."
"['Implicit relationships between financial metrics and various dimensions (Advertiser, Media_Network, Category, Source_System_Name, Date/Period fields) within each source table.', 'Separate aggregation paths for calendar-based and financial-based reporting, implying two distinct fact tables or views.']","A star schema centered around a `Fact_Advertising_Pacing` table. This fact table will contain all key financial metrics (e.g., Gross_Revenue_Amount, Total_Spend_Amount, Financial_Scenario_Value, Unique_Entity_Count, Record_Count) and foreign keys to various conformed dimensions. Dimensions will include: `Dim_Date` (handling both calendar and financial periods), `Dim_Advertiser`, `Dim_Product`, `Dim_Source_System`, `Dim_Sales_Segment`, `Dim_Scenario_Type`, `Dim_Transaction_Type`, `Dim_Masthead`, `Dim_Publication`, `Dim_Revenue_Type`, `Dim_Offer_Category`, `Dim_Entity_Type` (for distinct counts).","['Advertiser', 'Date/Time (Calendar & Financial)', 'Product/Service', 'Sales Segment', 'Source System', 'Financial Scenario (Actual, Budget, Forecast, Estimate)', 'Transaction Type']","['Consolidate multiple date/period fields (`date_dim`, `calendar_year`, `financial_year`, `financial_month`, `fiscal_week_id`, etc.) into a single, comprehensive `Dim_Date` table.', 'Standardize `Advertiser` and `Advertiser_Parent` into a unified `Dim_Advertiser`.', ""Map various revenue/spend/financial scenario metrics into a single fact table with a 'Metric_Type' and 'Scenario_Type' attribute, eliminating redundant columns."", 'Introduce new dimensions like `Dim_Scenario_Type` and `Dim_Entity_Type` to support consolidated metrics.', 'Ensure consistent joining logic across all dimensions to the central fact table.']","['Eliminates data silos and inconsistencies between calendar and financial reporting.', 'Simplifies dashboard development and maintenance by using a single, unified data source.', 'Improves data consistency and accuracy across all financial reports.', 'Enhances query performance through optimized star schema design.', 'Facilitates cross-dimensional analysis and deeper business insights.']","['Complex ETL/ELT logic required to merge and transform data from `programmatic_cal_month` and `programmatic_fin_month`.', 'Ensuring backward compatibility for historical data and existing reports during migration.', 'Aligning business definitions for consolidated metrics across different departments.', 'Performance tuning for the new unified fact table given the large data volumes.']","The new model will provide a clearer, more traceable data lineage from raw source systems through the unified fact and dimension tables to the Looker Studio dashboard. This will significantly improve data governance and auditability.",29,a8fe6bb0-3cbf-4d6e-8838-fa6e6dce447f,2,"Implicit relationships between financial metrics and various dimensions (Advertiser, Media_Network, Category, Source_System_Name, Date/Period fields) within each source table., Separate aggregation paths for calendar-based and financial-based reporting, implying two distinct fact tables or views.",7,"Advertiser, Date/Time (Calendar & Financial), Product/Service, Sales Segment, Source System, Financial Scenario (Actual, Budget, Forecast, Estimate), Transaction Type",5,"Consolidate multiple date/period fields (`date_dim`, `calendar_year`, `financial_year`, `financial_month`, `fiscal_week_id`, etc.) into a single, comprehensive `Dim_Date` table., Standardize `Advertiser` and `Advertiser_Parent` into a unified `Dim_Advertiser`., Map various revenue/spend/financial scenario metrics into a single fact table with a 'Metric_Type' and 'Scenario_Type' attribute, eliminating redundant columns., Introduce new dimensions like `Dim_Scenario_Type` and `Dim_Entity_Type` to support consolidated metrics., Ensure consistent joining logic across all dimensions to the central fact table.",5,"Eliminates data silos and inconsistencies between calendar and financial reporting., Simplifies dashboard development and maintenance by using a single, unified data source., Improves data consistency and accuracy across all financial reports., Enhances query performance through optimized star schema design., Facilitates cross-dimensional analysis and deeper business insights.",4,"Complex ETL/ELT logic required to merge and transform data from `programmatic_cal_month` and `programmatic_fin_month`., Ensuring backward compatibility for historical data and existing reports during migration., Aligning business definitions for consolidated metrics across different departments., Performance tuning for the new unified fact table given the large data volumes."
"[""Likely a direct relationship between the 'salaries_wages_data_2023' table and the dashboard's metrics."", 'Possible implicit joins or lookups to a separate employee master table or cost center dimension within Looker Studio or underlying views.']","A Kimball-style dimensional model for finance, with a central 'fact_payroll_transactions' table. This fact table will be linked to several conformable dimensions: 'dim_employee' (for employee attributes), 'dim_time' (for pay periods and dates), 'dim_cost_center' (for departmental allocation), and 'dim_payroll_component' (for standardized earnings/deduction types).","['Employee', 'Payroll Transaction', 'Time (Pay Period)', 'Cost Center', 'Payroll Component Type']","['Formalize explicit foreign key relationships between fact_payroll_transactions and all relevant dimensions.', ""Ensure 'dim_employee' is a conformed dimension, allowing consistent employee data across all finance and HR dashboards."", ""Introduce 'dim_payroll_component' to standardize the categorization of all earnings and deductions, replacing ad-hoc component types."", ""Align date grains in 'dim_time' to support weekly, monthly, and quarterly reporting needs.""]","['Improved data consistency and accuracy across all finance and HR reporting.', 'Simplified data access and query development for new dashboards.', 'Enhanced data governance and auditability due to clear data lineage.', 'Better performance for complex queries by leveraging optimized dimensional structures.']","[""Reconciling disparate employee IDs and attributes from multiple HR/payroll source systems into a single 'dim_employee'."", ""Mapping and standardizing a wide variety of existing payroll component codes into a unified 'dim_payroll_component'."", 'Managing historical data restatements or changes in payroll policies within the new model.', 'Ensuring business users understand and adopt the new standardized definitions and data model.']","The new model will establish a clear, traceable data lineage from original source systems (e.g., HRIS, Payroll System) through staging layers, into the unified dimensional model, and finally to the Looker Studio dashboards. This improves transparency and simplifies troubleshooting.",30,f7a9efeb-df3c-45c9-899d-0bcada701572,2,"Likely a direct relationship between the 'salaries_wages_data_2023' table and the dashboard's metrics., Possible implicit joins or lookups to a separate employee master table or cost center dimension within Looker Studio or underlying views.",5,"Employee, Payroll Transaction, Time (Pay Period), Cost Center, Payroll Component Type",4,"Formalize explicit foreign key relationships between fact_payroll_transactions and all relevant dimensions., Ensure 'dim_employee' is a conformed dimension, allowing consistent employee data across all finance and HR dashboards., Introduce 'dim_payroll_component' to standardize the categorization of all earnings and deductions, replacing ad-hoc component types., Align date grains in 'dim_time' to support weekly, monthly, and quarterly reporting needs.",4,"Improved data consistency and accuracy across all finance and HR reporting., Simplified data access and query development for new dashboards., Enhanced data governance and auditability due to clear data lineage., Better performance for complex queries by leveraging optimized dimensional structures.",4,"Reconciling disparate employee IDs and attributes from multiple HR/payroll source systems into a single 'dim_employee'., Mapping and standardizing a wide variety of existing payroll component codes into a unified 'dim_payroll_component'., Managing historical data restatements or changes in payroll policies within the new model., Ensuring business users understand and adopt the new standardized definitions and data model."
