variable_type,hardcoded_values,context,suggested_governance,impact,maintenance_risk,response_id,dashboard_id,issue_type,hardcoded_values_count,hardcoded_values_text,date_value,original_format,suggested_fix,urgency
business_rules,"[""'CP'"", ""'PY'""]","period_name filter in the calendar subquery, used to select 'Current Period' and 'Prior Year' data.","These period types should ideally be driven by a configuration table or user-selected parameters in the dashboard, allowing for more flexible time period analysis without modifying the SQL.",high,medium,0,d7412673-0af1-4efe-8374-ca475b001fb6,hardcoded_variable,2.0,"'CP', 'PY'",,,,
,,"Used as a fixed comparison date in a complex date filter (clmn13_ = true, i.e., constructed_date <= hardcoded_date)",,high,,1,6f1c8731-02da-464f-b146-bf2947860735,hardcoded_date,,,26/06/2025,2025-06-26 07:36:48.083696+00,Replace with CURRENT_DATE() or a dashboard parameter to make the filter dynamic and relevant to the current period.,high
categories,"[""'INDEPENDENT AGENCIES NSW'""]",Filter for PortfolioParentGroup in Query 1.,Use a parameter or join to a 'PortfolioParentGroup' lookup table.,medium,medium,1,6f1c8731-02da-464f-b146-bf2947860735,hardcoded_variable,1.0,'INDEPENDENT AGENCIES NSW',,,,
categories,"[""'Guaranteed'""]",Exclusion filter for TransactionType in Query 1.,Use a parameter or join to a 'TransactionType' lookup table.,medium,medium,1,6f1c8731-02da-464f-b146-bf2947860735,hardcoded_variable,1.0,'Guaranteed',,,,
categories,"[""'FY2025 - Q4'""]",Filter for Financial Period in Query 2 and Query 3.,Derive dynamically based on current date/financial period or use a dashboard parameter.,high,high,1,6f1c8731-02da-464f-b146-bf2947860735,hardcoded_variable,1.0,'FY2025 - Q4',,,,
categories,"[""'CONSORTIUM VIC'""]",Filter for PortfolioParentGroup in Query 3.,Use a parameter or join to a 'PortfolioParentGroup' lookup table.,medium,medium,1,6f1c8731-02da-464f-b146-bf2947860735,hardcoded_variable,1.0,'CONSORTIUM VIC',,,,
categories,"[""'Deal'""]",Filter for TransactionType in Query 3.,Use a parameter or join to a 'TransactionType' lookup table.,medium,medium,1,6f1c8731-02da-464f-b146-bf2947860735,hardcoded_variable,1.0,'Deal',,,,
categories,"[""'VIC CON B3'"", ""'VIC CON B2'"", ""'VIC CON B1'""]",Filter for PortfolioChildGroup in Query 3.,Use a parameter or join to a 'PortfolioChildGroup' lookup table.,medium,medium,1,6f1c8731-02da-464f-b146-bf2947860735,hardcoded_variable,3.0,"'VIC CON B3', 'VIC CON B2', 'VIC CON B1'",,,,
business_rules,['CASE WHEN (FinancialMonthNumber = 1) THEN 7 ... ELSE NULL END'],"Month remapping logic in Query 3, potentially for a custom financial calendar.","Externalize this logic to a UDF or a configuration table if it's a standard business rule, or document its purpose clearly.",high,high,1,6f1c8731-02da-464f-b146-bf2947860735,hardcoded_variable,1.0,CASE WHEN (FinancialMonthNumber = 1) THEN 7 ... ELSE NULL END,,,,
,,"Used as a fixed reference date in calculations for `clmn13_` and `clmn11_` (Query 2 & 3), which are then used in date comparisons (`clmn43_`, `clmn35_`). This date is in the future relative to current date.",,high,,2,52c11c9c-052a-4e45-9cda-8fecd87d7964,hardcoded_date,,,08/05/2025,2025-05-08 01:48:02.510465+00,Replace with `CURRENT_DATE('Australia/Sydney')` or a dashboard parameter for the 'as of' date.,high
lookup_codes,"[""'Admin.ADV'"", ""'Admin.DTM'"", ""'Admin.HWT'"", ""'Admin.International'"", ""'Admin.Sales'"", ""'Admin.Sport'"", ""'Admin.TCM'"", ""'Bestrecipes.Admin'"", ""'Bodyandsoul.Admin'"", ""'CODE'"", ""'CodeBet'"", ""'Delicious.admin'"", ""'Escape.Admin'"", ""'GQ.Admin'"", ""'Kidspot.Admin'"", ""'National Sundry'"", ""'National Tabloid PrePrint'"", ""'News.Admin'"", ""'odds.com.au'"", ""'Punters.com.au'"", ""'Qantas Travel Insider'"", ""'RACENET'"", ""'Shortlyster Managed Service'"", ""'Sky News'"", ""'SKYNEWS.ADMIN'"", ""'Stellar.Admin'"", ""'Stockhead'"", ""'SUDDENLY.CW'"", ""'SUDDENLY.NORTH'"", ""'SUDDENLY.TGG'"", ""'Taste.Admin'"", ""'TAUS.ADMIN'"", ""'The Sunday Times'"", ""'TOOWOOMBACUSTOM'"", ""'Vogue.Admin'"", ""'Vogueliving.Admin'""]",List of unified publication names used to classify 'Sundry Pubs'.,Create a `publication_classification_lookup` table with `publication_name` and `is_sundry_flag`.,medium,high,2,52c11c9c-052a-4e45-9cda-8fecd87d7964,hardcoded_variable,36.0,"'Admin.ADV', 'Admin.DTM', 'Admin.HWT', 'Admin.International', 'Admin.Sales', 'Admin.Sport', 'Admin.TCM', 'Bestrecipes.Admin', 'Bodyandsoul.Admin', 'CODE', 'CodeBet', 'Delicious.admin', 'Escape.Admin', 'GQ.Admin', 'Kidspot.Admin', 'National Sundry', 'National Tabloid PrePrint', 'News.Admin', 'odds.com.au', 'Punters.com.au', 'Qantas Travel Insider', 'RACENET', 'Shortlyster Managed Service', 'Sky News', 'SKYNEWS.ADMIN', 'Stellar.Admin', 'Stockhead', 'SUDDENLY.CW', 'SUDDENLY.NORTH', 'SUDDENLY.TGG', 'Taste.Admin', 'TAUS.ADMIN', 'The Sunday Times', 'TOOWOOMBACUSTOM', 'Vogue.Admin', 'Vogueliving.Admin'",,,,
lookup_codes,"[""'MRCA'""]",Specific sales segment name used to classify 'Sales_Group'.,Manage sales segment classifications in a `sales_segment_lookup` table.,low,medium,2,52c11c9c-052a-4e45-9cda-8fecd87d7964,hardcoded_variable,1.0,'MRCA',,,,
lookup_codes,"[""'DOUBLECLICK'""]",Specific advertiser parent name used in `fix_date_lod` calculation and other conditional logic.,Manage special advertiser classifications in an `advertiser_lookup` table.,medium,medium,2,52c11c9c-052a-4e45-9cda-8fecd87d7964,hardcoded_variable,1.0,'DOUBLECLICK',,,,
lookup_codes,"[""'PLUTO'""]",Specific source system code used to determine `booking_line_created_date` source.,Manage source system definitions in a `source_system_lookup` table.,low,low,2,52c11c9c-052a-4e45-9cda-8fecd87d7964,hardcoded_variable,1.0,'PLUTO',,,,
thresholds,"[""'VACANT'""]",Default value for owner names when NULL.,Define default values in a configuration table or handle via data quality rules.,low,low,2,52c11c9c-052a-4e45-9cda-8fecd87d7964,hardcoded_variable,1.0,'VACANT',,,,
business_rules,"[""'PRINT'"", ""'DIGITAL'"", ""'PROGRAMMATIC'"", ""'PROGRAMMATIC EXCHANGE'"", ""'PROGRAMMATIC SOURCE'"", ""'SUNDRY ADSALES OVERLAY'"", ""'XTEND'"", ""'ADPT DIGITAL'"", ""'SUNDRY'"", ""'PROGRAMMATIC - GUARANTEED'"", ""'PROGRAMMATIC - OPEN EXCHANGE'"", ""'PROGRAMMATIC - PMP'"", ""'PROGRAMMATIC - DIGITAL OTHER'""]",Categorization logic for various revenue and ad types.,Create a `revenue_type_classification_lookup` table to map raw types to standardized categories.,high,high,2,52c11c9c-052a-4e45-9cda-8fecd87d7964,hardcoded_variable,13.0,"'PRINT', 'DIGITAL', 'PROGRAMMATIC', 'PROGRAMMATIC EXCHANGE', 'PROGRAMMATIC SOURCE', 'SUNDRY ADSALES OVERLAY', 'XTEND', 'ADPT DIGITAL', 'SUNDRY', 'PROGRAMMATIC - GUARANTEED', 'PROGRAMMATIC - OPEN EXCHANGE', 'PROGRAMMATIC - PMP', 'PROGRAMMATIC - DIGITAL OTHER'",,,,
lookup_codes,"[""'OUTSTREAM'"", ""'XTEND'"", ""'EDMEDIA'"", ""'ECOMMERCE'""]",Specific unified publication names used in conditional revenue calculations.,Manage these publication types in a `publication_type_lookup` table.,medium,medium,2,52c11c9c-052a-4e45-9cda-8fecd87d7964,hardcoded_variable,4.0,"'OUTSTREAM', 'XTEND', 'EDMEDIA', 'ECOMMERCE'",,,,
lookup_codes,"[""'17114'"", ""'29172'"", ""'52809'""]",Specific advertiser IDs used in a complex filter for 'SUDDENLY' publications.,Manage these special advertiser IDs in an `advertiser_special_case_lookup` table.,high,high,2,52c11c9c-052a-4e45-9cda-8fecd87d7964,hardcoded_variable,3.0,"'17114', '29172', '52809'",,,,
business_rules,"[""'$'""]",String literal used to determine if currency should be displayed in thousands or as-is. Implies a missing parameter.,"Introduce a dashboard parameter for currency display format (e.g., 'UNIT_DISPLAY_FORMAT' with values 'FULL' or 'THOUSANDS').",medium,medium,2,52c11c9c-052a-4e45-9cda-8fecd87d7964,hardcoded_variable,1.0,'$',,,,
,,Used as a fixed date filter for movement_date in Query 1.,,high,,3,a1b901e6-c4fb-44bc-955a-3a7070c15829,hardcoded_date,,,29/05/2025,2025-05-29,"Replace with a dashboard date parameter (e.g., @start_date, @end_date) or relative date functions (e.g., CURRENT_DATE()).",high
,,Used as a fixed date filter for movement_date in Query 2.,,high,,3,a1b901e6-c4fb-44bc-955a-3a7070c15829,hardcoded_date,,,23/06/2025,2025-06-23,"Replace with a dashboard date parameter (e.g., @start_date, @end_date) or relative date functions (e.g., CURRENT_DATE()).",high
business_rules,"[""'Y'"", ""'PRO'"", ""'DIGITAL OTHER'"", ""'DIGITAL'"", ""'SUNDRY'""]","Logic for 'revenue_category' dimension is hardcoded within a CASE statement, defining 'XTEND', 'PROGRAMMATIC', 'ADPT DIGITAL', 'SUNDRY' categories.","Move these business rules and their corresponding values to a governed lookup table (e.g., `revenue_category_rules`) that can be joined to, allowing for easier updates and transparency.",high,high,3,a1b901e6-c4fb-44bc-955a-3a7070c15829,hardcoded_variable,5.0,"'Y', 'PRO', 'DIGITAL OTHER', 'DIGITAL', 'SUNDRY'",,,,
lookup_codes,"[""'Nah'"", ""'DIGITAL'"", ""'PRINT'""]","Default value for NULL advertiser_group ('Nah') and specific revenue_type values ('DIGITAL', 'PRINT') used in calculations.","For 'Nah', consider if this should be a standard 'Unknown' or 'N/A' value. For 'DIGITAL'/'PRINT', if these are part of a larger set of revenue types, ensure they are consistent with a `revenue_type_master` table.",medium,medium,3,a1b901e6-c4fb-44bc-955a-3a7070c15829,hardcoded_variable,3.0,"'Nah', 'DIGITAL', 'PRINT'",,,,
categories,"[""'CONSORTIUM SA'"", ""'DIRECT SA WA'"", ""'CONSORTIUM NSW'"", ""'QLD IA C2'""]",Specific portfolio parent group names and conformed names used as filters.,"These portfolio names should be managed in a `portfolio_hierarchy` or `portfolio_master` table, allowing for dynamic filtering and consistent naming across reports.",medium,medium,3,a1b901e6-c4fb-44bc-955a-3a7070c15829,hardcoded_variable,4.0,"'CONSORTIUM SA', 'DIRECT SA WA', 'CONSORTIUM NSW', 'QLD IA C2'",,,,
thresholds,"[""'2025'""]",Fixed financial year filter.,"Replace with a parameter or relative year calculation (e.g., `EXTRACT(YEAR FROM CURRENT_DATE())`).",medium,medium,3,a1b901e6-c4fb-44bc-955a-3a7070c15829,hardcoded_variable,1.0,'2025',,,,
,,financial_year filter,,high,,4,e83da1de-4227-43e6-bcc6-73051c66914b,hardcoded_date,,,2025,2025,"replace with a parameter or relative fiscal year calculation (e.g., based on CURRENT_DATE() and fiscal year start rules)",high
,,fy_year_month_number filter,,high,,4,e83da1de-4227-43e6-bcc6-73051c66914b,hardcoded_date,,,202501,202501,replace with a parameter or relative fiscal month calculation,high
,,fy_year_month_number filter,,high,,4,e83da1de-4227-43e6-bcc6-73051c66914b,hardcoded_date,,,202502,202502,replace with a parameter or relative fiscal month calculation,high
,,fy_year_month_number filter,,high,,4,e83da1de-4227-43e6-bcc6-73051c66914b,hardcoded_date,,,202503,202503,replace with a parameter or relative fiscal month calculation,high
categories,"[""'^(.*event sponsorship.*)$'"", ""'^(.*production.*)$'""]",ad_size_category derivation based on adsize_name,"define ad size categories in a lookup table or configuration table, join to it",medium,medium,4,e83da1de-4227-43e6-bcc6-73051c66914b,hardcoded_variable,2.0,"'^(.*event sponsorship.*)$', '^(.*production.*)$'",,,,
lookup_codes,"[""'Future Bradfield 2024'"", ""'Sydney & Brisbane Future Series'"", ""'Future Bradfield FY25 B1'"", ""'Future Sydney Bradfield 2024'""]",booking_name filter,"define specific booking names/campaigns in a lookup table, join to it or allow user selection via parameters",high,high,4,e83da1de-4227-43e6-bcc6-73051c66914b,hardcoded_variable,4.0,"'Future Bradfield 2024', 'Sydney & Brisbane Future Series', 'Future Bradfield FY25 B1', 'Future Sydney Bradfield 2024'",,,,
other,"[""''""]","An empty string is selected as 'clmn0_' in the first query, likely a Looker Studio internal placeholder.","Investigate the purpose of this empty string. If it's meant to represent a category, it should be replaced with a meaningful value or a parameter. If it's a Looker Studio artifact, no action needed.",low,low,5,52dd1ac1-19b5-4695-a7e6-632ef7a9dba3,hardcoded_variable,1.0,'',,,,
lookup_codes,"[""'NEWS CORP'"", ""'youtube'"", ""'facebook'""]",Media Network names used in conditional spend calculations.,"These media network names should be managed in a reference table (e.g., `dim_media_network`) and joined to the main data for consistent categorization and easier updates.",high,high,6,601ed0d2-e944-4189-8170-d593c8e72026,hardcoded_variable,3.0,"'NEWS CORP', 'youtube', 'facebook'",,,,
categories,"[""'Q1'"", ""'Q2'"", ""'Q3'"", ""'Q4'""]",Quarter definitions based on month numbers.,"Quarter definitions should be part of a comprehensive date dimension table, allowing for flexible fiscal or calendar quarter definitions without hardcoding logic in every query.",medium,medium,6,601ed0d2-e944-4189-8170-d593c8e72026,hardcoded_variable,4.0,"'Q1', 'Q2', 'Q3', 'Q4'",,,,
business_rules,"[""'Rolling 12 months'"", ""'Calendar Year'"", ""'Financial Year'""]","Time period selection logic is hardcoded, overriding the `@time_period` variable.","This selection should be driven by a dashboard parameter or a configuration table, allowing users to dynamically choose the time period type without modifying the underlying SQL.",high,high,6,601ed0d2-e944-4189-8170-d593c8e72026,hardcoded_variable,3.0,"'Rolling 12 months', 'Calendar Year', 'Financial Year'",,,,
lookup_codes,"[""'KEY ACCOUNTS TRAVEL'""]",Specific `portfolio_parent_group_name` used as a filter.,"This filter value should be configurable via a dashboard parameter or a lookup table for business units/groups, enabling dynamic filtering.",medium,medium,6,601ed0d2-e944-4189-8170-d593c8e72026,hardcoded_variable,1.0,'KEY ACCOUNTS TRAVEL',,,,
lookup_codes,"[""'NT Dept Of Trade Business & Innovation'"", ""'NT Dept Of Chief Minister'"", ""'NT Dept Of Infrastructure Planning & Logistics'"", ""'NT Dept Of Industry Tourism & Trade'"", ""'NT Dept Of Education Employment & Training'"", ""'NT Dept Of Tourism & Culture'"", ""'NT Dept Of Transport'"", ""'NT Dept Of Attorney-General & Justice'"", ""'NT Dept Of Environment & Natural Resources'"", ""'NT Dept Of Lands Planning & The Environment'"", ""'NT Dept Of Health'"", ""'NT Dept Of Police Fire & Emergency Services'"", ""'NT Dept Of Business'"", ""'NT Dept Of Territory Families, Housing & Communities'"", ""'NT Dept Of Primary Industry & Resources'"", ""'NT Dept Of Environment Parks & Water Security'"", ""'NT Dept Of Corporate & Information Services'""]",A long list of specific Advertiser names used as a filter.,"This list should be managed externally, perhaps in a reference table for 'NT Government Departments' or similar, and joined or filtered dynamically via a dashboard parameter.",high,high,6,601ed0d2-e944-4189-8170-d593c8e72026,hardcoded_variable,17.0,"'NT Dept Of Trade Business & Innovation', 'NT Dept Of Chief Minister', 'NT Dept Of Infrastructure Planning & Logistics', 'NT Dept Of Industry Tourism & Trade', 'NT Dept Of Education Employment & Training', 'NT Dept Of Tourism & Culture', 'NT Dept Of Transport', 'NT Dept Of Attorney-General & Justice', 'NT Dept Of Environment & Natural Resources', 'NT Dept Of Lands Planning & The Environment', 'NT Dept Of Health', 'NT Dept Of Police Fire & Emergency Services', 'NT Dept Of Business', 'NT Dept Of Territory Families, Housing & Communities', 'NT Dept Of Primary Industry & Resources', 'NT Dept Of Environment Parks & Water Security', 'NT Dept Of Corporate & Information Services'",,,,
other,"[""'$'"", ""'$\\'000'""]",Display format logic embedded in SQL.,"Display formatting (e.g., currency symbols, thousands separators) should be handled by the visualization tool (Looker Studio) and not by the SQL query.",low,low,6,601ed0d2-e944-4189-8170-d593c8e72026,hardcoded_variable,2.0,"'$', '$\'000'",,,,
,,used as a specific month_start_date filter in Query 1,,high,,7,783f341c-8660-4e90-bab8-9bc860119cf5,hardcoded_date,,,01/11/2024,DATE '2024-11-01',"replace with Looker Studio date parameter (e.g., @start_date) or relative date function (e.g., DATE_TRUNC(CURRENT_DATE(), MONTH))",high
,,used as a specific month_start_date filter in Query 1,,high,,7,783f341c-8660-4e90-bab8-9bc860119cf5,hardcoded_date,,,01/12/2024,DATE '2024-12-01',replace with Looker Studio date parameter or relative date function,high
,,used as a specific month_start_date filter in Query 1,,high,,7,783f341c-8660-4e90-bab8-9bc860119cf5,hardcoded_date,,,01/01/2025,DATE '2025-01-01',replace with Looker Studio date parameter or relative date function,high
,,used as a specific month_start_date filter in Query 1,,high,,7,783f341c-8660-4e90-bab8-9bc860119cf5,hardcoded_date,,,01/02/2025,DATE '2025-02-01',replace with Looker Studio date parameter or relative date function,high
,,used as a specific month_start_date filter in Query 1,,high,,7,783f341c-8660-4e90-bab8-9bc860119cf5,hardcoded_date,,,01/03/2025,DATE '2025-03-01',replace with Looker Studio date parameter or relative date function,high
,,used as a specific month_start_date filter in Query 1 (assuming typo for 2025-04-01),,high,,7,783f341c-8660-4e90-bab8-9bc860119cf5,hardcoded_date,,,01/04/2025,DATE '2025-04-01',replace with Looker Studio date parameter or relative date function,high
,,"used as a specific month_start_date filter in Query 1, 2, and 3",,high,,7,783f341c-8660-4e90-bab8-9bc860119cf5,hardcoded_date,,,01/05/2025,DATE '2025-05-01',replace with Looker Studio date parameter or relative date function,high
,,used as a specific month_start_date filter in Query 1,,high,,7,783f341c-8660-4e90-bab8-9bc860119cf5,hardcoded_date,,,01/06/2025,DATE '2025-06-01',replace with Looker Studio date parameter or relative date function,high
categories,"[""'AdX'"", ""'AppNexus'"", ""'DFP'"", ""'Index Exchange'"", ""'InSkin'"", ""'Kargo'"", ""'Playground XYZ'"", ""'PubMatic'"", ""'Rubicon'"", ""'Tremor'""]",source values filtered in Query 1,join to a `dim_source` reference table,high,high,7,783f341c-8660-4e90-bab8-9bc860119cf5,hardcoded_variable,10.0,"'AdX', 'AppNexus', 'DFP', 'Index Exchange', 'InSkin', 'Kargo', 'Playground XYZ', 'PubMatic', 'Rubicon', 'Tremor'",,,,
categories,"[""'DEAL'"", ""'UFR'"", ""'PG - CPD'"", ""'PG - CPM'"", ""'DIRECT'""]",source_transaction_type values filtered across all queries,join to a `dim_transaction_type` reference table,high,high,7,783f341c-8660-4e90-bab8-9bc860119cf5,hardcoded_variable,5.0,"'DEAL', 'UFR', 'PG - CPD', 'PG - CPM', 'DIRECT'",,,,
lookup_codes,"[""'The Smith Family *'"", ""'Kmart Corporation *'"", ""'Target Corporation *'"", ""'Myer *'""]",advertiser names filtered in all queries,join to a `dim_advertiser` master table with unique IDs,high,high,7,783f341c-8660-4e90-bab8-9bc860119cf5,hardcoded_variable,4.0,"'The Smith Family *', 'Kmart Corporation *', 'Target Corporation *', 'Myer *'",,,,
categories,"[""'FY25 Q2'"", ""'FY25 Q3'"", ""'FY25 Q4'""]",financial period labels filtered in all queries,derive dynamically from a `dim_date` table or use a `dim_financial_period` table,medium,medium,7,783f341c-8660-4e90-bab8-9bc860119cf5,hardcoded_variable,3.0,"'FY25 Q2', 'FY25 Q3', 'FY25 Q4'",,,,
business_rules,['1'],CurrentMonthFlag is hardcoded to 1 to identify the current month.,"Replace with a dynamic date comparison (e.g., `FORMAT_DATE('%Y%m', CURRENT_DATE()) = FORMAT_DATE('%Y%m', DATE(FinancialYear, FinancialMonthNumber, 1))`) or a governed date dimension.",medium,medium,8,a8fe6bb0-3cbf-4d6e-8838-fa6e6dce447f,hardcoded_variable,1.0,1,,,,
lookup_codes,"[""'Kargo'"", ""'AdX'""]",Specific source names are hardcoded in WHERE clauses for filtering.,"Manage source names in a dedicated lookup table and join to it, or use parameters for filtering.",high,high,8,a8fe6bb0-3cbf-4d6e-8838-fa6e6dce447f,hardcoded_variable,2.0,"'Kargo', 'AdX'",,,,
,,Used as the base date for calculating day of week and week difference. This date is in the future relative to current date (assuming current date is before March 2025).,,high,,9,5dae02f0-dc48-418c-bdf9-5e5d2b1d6e26,hardcoded_date,,,23/03/2025,2025-03-23 04:54:02.058726+00,Replace with CURRENT_DATE() or a Looker Studio date parameter to make calculations dynamic and relevant to the reporting period.,high
,,Used as the baseline date for calculating week difference (fiscal week start).,,high,,9,5dae02f0-dc48-418c-bdf9-5e5d2b1d6e26,hardcoded_date,,,03/07/2024,2024-07-03T00:00:00,Replace with a configurable fiscal year start date parameter or a lookup from a fiscal calendar table.,high
,,Hardcoded fiscal year in the 'FY' string concatenation.,,medium,,9,5dae02f0-dc48-418c-bdf9-5e5d2b1d6e26,hardcoded_date,,,2025,2025,Derive fiscal year dynamically from the reporting date or a fiscal calendar table.,medium
lookup_codes,"[""'100'"", ""'402'"", ""'301'"", ""'AP'"", ""'NT'"", ""'SC'""]","Numerous `gl_publication_code` and `masthead_code` values are hardcoded within complex `CASE WHEN` statements to categorize mastheads (e.g., 'Metros', 'Regionals').","Create a `masthead_lookup` table with `gl_publication_code`, `masthead_code`, `detailed_masthead_group`, `masthead_group_broad`, and `masthead_group_broader` columns. Join to this table instead of using `CASE WHEN`.",high,high,9,5dae02f0-dc48-418c-bdf9-5e5d2b1d6e26,hardcoded_variable,6.0,"'100', '402', '301', 'AP', 'NT', 'SC'",,,,
business_rules,"[""'Print Recognition'"", ""'Digital Recognition'"", ""'Discontinued'""]",Categorization logic for 'Recognition Type' and 'Masthead Group Broad' is hardcoded.,Define these categorizations in a business rule configuration table or a UDF for consistency and easier updates.,medium,medium,9,5dae02f0-dc48-418c-bdf9-5e5d2b1d6e26,hardcoded_variable,3.0,"'Print Recognition', 'Digital Recognition', 'Discontinued'",,,,
categories,"[""'July'"", ""'August'"", ""'FCT'"", ""'Gross Cancellations'"", ""'Gross Acquisitions'""]",Fiscal month names and report/metric type labels are hardcoded strings.,"Fiscal month names should come from a fiscal calendar table. Report/metric type labels should be managed as parameters or metadata in Looker Studio, or derived from a configuration table if they represent different calculation paths.",low,low,9,5dae02f0-dc48-418c-bdf9-5e5d2b1d6e26,hardcoded_variable,5.0,"'July', 'August', 'FCT', 'Gross Cancellations', 'Gross Acquisitions'",,,,
thresholds,"['4', '9', '13', '17', '22', '26', '30', '35', '39', '43', '48', '53']",Week number thresholds used to map weeks to custom fiscal months.,Define fiscal week-to-month mapping in a fiscal calendar table.,medium,medium,9,5dae02f0-dc48-418c-bdf9-5e5d2b1d6e26,hardcoded_variable,12.0,"4, 9, 13, 17, 22, 26, 30, 35, 39, 43, 48, 53",,,,
,,Used as the base date (clmn0_) from which 'date_one_year_ago' (clmn19_) is derived. This anchors FY calculations to a specific future date.,,high,,10,4d8074b2-17a8-48ba-babe-c536359b1f64,hardcoded_date,,,06/01/2025,"DATE(TIMESTAMP '2025-01-06 23:58:33.668651+00', 'Australia/Sydney')",Replace with `CURRENT_DATETIME('Australia/Sydney')` or a dashboard parameter for the 'as-of' date.,high
categories,"[""'Jul'"", ""'Aug'"", ""'Sep'"", ""'Oct'"", ""'Nov'"", ""'Dec'"", ""'Jan'"", ""'Feb'"", ""'Mar'"", ""'Apr'"", ""'May'"", ""'Jun'""]",Month names hardcoded in a CASE statement to create a sorted financial month dimension.,Create a `dim_financial_month` lookup table with month name and sort order.,medium,medium,10,4d8074b2-17a8-48ba-babe-c536359b1f64,hardcoded_variable,12.0,"'Jul', 'Aug', 'Sep', 'Oct', 'Nov', 'Dec', 'Jan', 'Feb', 'Mar', 'Apr', 'May', 'Jun'",,,,
lookup_codes,"[""'DOUBLECLICK'"", ""'DIGITAL'"", ""'Digital Other'"", ""'N'"", ""'Y'"", ""'XTEND'""]","Specific string values used for filtering and transforming `advertiser_parent`, `is_future_period_flag`, `revenue_group_subtype`, `revenue_type`, `sales_segment_l_2_name_sync`, `xtend_flag`.",Implement reference tables for these categorical dimensions to ensure consistency and allow for easier updates.,high,high,10,4d8074b2-17a8-48ba-babe-c536359b1f64,hardcoded_variable,6.0,"'DOUBLECLICK', 'DIGITAL', 'Digital Other', 'N', 'Y', 'XTEND'",,,,
business_rules,"['-1', '0', '1']","Integer offsets for `relative_fy_year_offset` and `relative_fy_week_offset` used to define 'previous FY', 'current FY', 'next FY', 'current week', 'past week'.",Define these offsets and their meanings in a configuration table or as named constants in a view layer.,medium,medium,10,4d8074b2-17a8-48ba-babe-c536359b1f64,hardcoded_variable,3.0,"-1, 0, 1",,,,
thresholds,"['1000', '7']",Divisors for converting amounts to 'K' (thousands) and for adjusting LGB by DOW_Today.,"Standardize these constants (e.g., `K_FACTOR = 1000`, `DAYS_IN_WEEK = 7`) in a central place or as UDFs.",low,low,10,4d8074b2-17a8-48ba-babe-c536359b1f64,hardcoded_variable,2.0,"1000, 7",,,,
,,Used as a fixed reference date for calculating a conditional revenue metric (last_fy_digital_revenue_conditional). A date 365 days prior (2024-01-02) is used as a cutoff.,,high,,11,1a5f7b4e-ea3a-46e4-8b77-b428f4178510,hardcoded_date,,,02/01/2025,2025-01-02 01:26:03.721975+00,Replace with CURRENT_DATE() or a dashboard date parameter to ensure dynamic and relevant date filtering.,high
business_rules,"[""'$'"", ""'$\\'000'""]","These string comparisons are used in CASE statements to conditionally apply a division by 1000. The condition `'$' = '$'` (always true) prevents division by 1000 in Query 1's final metrics. The condition `'$\'000' = '$'` (always false) *enables* division by 1000 in Query 3's final metrics. This leads to inconsistent scaling (some metrics are raw, some are /1000) within the same dashboard, which is a significant data accuracy and user experience issue.","Standardize the display of monetary values across the dashboard (either always raw or always in thousands). Remove the misleading conditional logic and apply the scaling consistently, or remove the scaling logic if raw values are intended. This should be driven by business requirements and user expectations.",high,high,11,1a5f7b4e-ea3a-46e4-8b77-b428f4178510,hardcoded_variable,2.0,"'$', '$\'000'",,,,
lookup_codes,"[""'DOUBLECLICK'"", ""'XTEND'"", ""'BILLED'"", ""'BOOKED'"", ""'ROP COMPOSITE'"", ""'MEDIUM RARE CONTENT AGENCY'"", ""'SUDDENLY%'"", ""'DIGITAL'"", ""'Digital Other'"", ""'MRCA'"", ""'PLUTO'""]","Various categorical values used for filtering or deriving new dimensions (e.g., advertiser_parent, fin_adtype_name, revenue_transaction_status, style_name, source_publishing_division, revenue_type, sales_segment_l_2_name_sync, source_system_code).","These values should ideally be managed in a central reference or dimension table (e.g., `dim_advertiser_type`, `dim_revenue_status`, `dim_product_style`). This allows for easier updates, consistency across dashboards, and better data governance.",medium,medium,11,1a5f7b4e-ea3a-46e4-8b77-b428f4178510,hardcoded_variable,11.0,"'DOUBLECLICK', 'XTEND', 'BILLED', 'BOOKED', 'ROP COMPOSITE', 'MEDIUM RARE CONTENT AGENCY', 'SUDDENLY%', 'DIGITAL', 'Digital Other', 'MRCA', 'PLUTO'",,,,
business_rules,"[""'Client'"", ""account_number IN ('17114', '29172', '52809')"", ""sales_segment_l_2_name_sync IN ('CONSORTIUM NSW', 'KEY ACCOUNTS NSW RETAIL', 'DIRECT NSW', 'INDEPENDENT AGENCIES NSW', 'PRESTIGE')"", ""'Ian Paterson'""]","Specific business rules for categorizing sales groups, handling publication names, and assigning sales GMs. For example, 'Client' is derived from 'MRCA', and 'Ian Paterson' is hardcoded for specific sales segments.","These business rules should be externalized. For sales groups and GM assignments, consider a `dim_sales_segment` table with `sales_segment_l_2_name_sync`, `sales_group_derived`, and `sales_gm_derived` columns. For publication name exceptions, a `dim_publication_exceptions` table could be used.",high,high,11,1a5f7b4e-ea3a-46e4-8b77-b428f4178510,hardcoded_variable,4.0,"'Client', account_number IN ('17114', '29172', '52809'), sales_segment_l_2_name_sync IN ('CONSORTIUM NSW', 'KEY ACCOUNTS NSW RETAIL', 'DIRECT NSW', 'INDEPENDENT AGENCIES NSW', 'PRESTIGE'), 'Ian Paterson'",,,,
thresholds,"['-1', '0', '1']","Used for filtering `relative_fy_year_offset` to include last, current, and next financial years.","While these are common relative offsets, consider if they should be dynamic based on user selection (e.g., a parameter for 'number of past years to include').",low,low,11,1a5f7b4e-ea3a-46e4-8b77-b428f4178510,hardcoded_variable,3.0,"-1, 0, 1",,,,
,,financial_year filter in Query 1,,high,,12,c560ed20-040d-4c6a-9c3f-ec8bce27d132,hardcoded_date,,,202,202,"replace with parameter or relative financial year calculation (e.g., `EXTRACT(YEAR FROM CURRENT_DATE())` or a financial year lookup)",high
,,calendar_year exclusion filter in Query 2,,medium,,12,c560ed20-040d-4c6a-9c3f-ec8bce27d132,hardcoded_date,,,2022,2022,replace with parameter or relative calendar year calculation,medium
,,calendar_year inclusion filter in Query 3,,high,,12,c560ed20-040d-4c6a-9c3f-ec8bce27d132,hardcoded_date,,,2024,2024,replace with parameter or relative calendar year calculation,high
,,calendar_year inclusion filter in Query 3,,high,,12,c560ed20-040d-4c6a-9c3f-ec8bce27d132,hardcoded_date,,,2025,2025,replace with parameter or relative calendar year calculation,high
business_rules,"[""'Medium Rare Content Agency'""]",source_publishing_division exclusion filter (all queries),use a configuration table for excluded divisions or a parameter,medium,medium,12,c560ed20-040d-4c6a-9c3f-ec8bce27d132,hardcoded_variable,1.0,'Medium Rare Content Agency',,,,
categories,"[""'Billed'"", ""'Booked'""]",revenue_transaction_status inclusion filter (all queries),use a reference table for transaction statuses or a parameter,medium,medium,12,c560ed20-040d-4c6a-9c3f-ec8bce27d132,hardcoded_variable,2.0,"'Billed', 'Booked'",,,,
categories,"[""'Digital'"", ""'Print'""]","revenue_group_subtype inclusion filter (Query 2, Query 3)",use a reference table for revenue subtypes or a parameter,medium,medium,12,c560ed20-040d-4c6a-9c3f-ec8bce27d132,hardcoded_variable,2.0,"'Digital', 'Print'",,,,
lookup_codes,"[""'INTERNAL PUIG Oceania'"", ""'PUIG Oceania'""]",advertiser_name inclusion filter (Query 2),use an advertiser master table or a parameter,high,high,12,c560ed20-040d-4c6a-9c3f-ec8bce27d132,hardcoded_variable,2.0,"'INTERNAL PUIG Oceania', 'PUIG Oceania'",,,,
lookup_codes,"[""'Greyhound Racing Victoria'""]",advertiser_name inclusion filter (Query 3),use an advertiser master table or a parameter,high,high,12,c560ed20-040d-4c6a-9c3f-ec8bce27d132,hardcoded_variable,1.0,'Greyhound Racing Victoria',,,,
,,Used as the primary 'current' date for calculating the fiscal week in Query 1.,,high,,13,bb49fa78-5abe-4e68-a9c1-8172a832e724,hardcoded_date,,,26/03/2025,2025-03-26 03:31:44.896010+00,Replace with CURRENT_DATE() or a Looker Studio date parameter.,high
,,Used as the primary 'current' date for calculating the fiscal week in Query 2.,,high,,13,bb49fa78-5abe-4e68-a9c1-8172a832e724,hardcoded_date,,,25/03/2025,2025-03-25 23:59:29.736172+00,"Replace with CURRENT_DATE() or a Looker Studio date parameter, and ensure consistency with other 'current' date definitions.",high
,,Used as a fixed baseline date for DATETIME_DIFF to calculate week numbers.,,medium,,13,bb49fa78-5abe-4e68-a9c1-8172a832e724,hardcoded_date,,,03/07/2024,2024-07-03T00:00:00,"If this is a fixed fiscal year start, it should be documented and potentially stored in a configuration table. Otherwise, consider a dynamic baseline (e.g., start of current fiscal year).",medium
business_rules,"[""'Discontinued'"", ""'Digital Recognition'""]",Filters applied to `masthead_group` and `finance_recognition` columns.,"These values should be managed in a reference table (e.g., `dim_masthead_status`, `dim_finance_recognition_type`) and joined to the main table.",medium,medium,13,bb49fa78-5abe-4e68-a9c1-8172a832e724,hardcoded_variable,2.0,"'Discontinued', 'Digital Recognition'",,,,
thresholds,['2025'],Fiscal year `2025` is hardcoded for filtering current year data.,Replace with `EXTRACT(YEAR FROM CURRENT_DATE())` or a Looker Studio parameter for the fiscal year.,high,high,13,bb49fa78-5abe-4e68-a9c1-8172a832e724,hardcoded_variable,1.0,2025,,,,
lookup_codes,"['1', '2', '3', '4', '5', '10', '14', '18', '23', '27', '31', '36', '40', '44', '49', '13', '26', '39', '53']",Numeric values used in `CASE` statements to map week numbers to fiscal months and quarters.,"These fiscal calendar mappings should be stored in a dedicated `dim_fiscal_calendar` table, allowing for flexible and auditable fiscal period definitions.",high,high,13,bb49fa78-5abe-4e68-a9c1-8172a832e724,hardcoded_variable,19.0,"1, 2, 3, 4, 5, 10, 14, 18, 23, 27, 31, 36, 40, 44, 49, 13, 26, 39, 53",,,,
categories,"[""'Week to Date & Budget View'"", ""'Week to Date & Forecast View'"", ""'Week to Date & Year on Year View'"", ""'Week to Date & NY Budget View'"", ""'Month to Date & Budget View'"", ""'Month to Date & Forecast View'"", ""'Month to Date & NY Budget View'"", ""'Quarter to Date & Budget View'"", ""'Quarter to Date & Forecast View'"", ""'Quarter to Date & Year on Year View'"", ""'Quarter to Date & NY Budget View'"", ""'Year to Date & Budget View'"", ""'Year to Date & Forecast View'"", ""'Year to Date & Year on Year View'"", ""'Year to Date & NY Budget View'""]",String literals defining 'view types' in Query 3.,"These view types should be defined in a configuration table or as Looker Studio parameters/fields, rather than hardcoded in SQL.",low,low,13,bb49fa78-5abe-4e68-a9c1-8172a832e724,hardcoded_variable,15.0,"'Week to Date & Budget View', 'Week to Date & Forecast View', 'Week to Date & Year on Year View', 'Week to Date & NY Budget View', 'Month to Date & Budget View', 'Month to Date & Forecast View', 'Month to Date & NY Budget View', 'Quarter to Date & Budget View', 'Quarter to Date & Forecast View', 'Quarter to Date & Year on Year View', 'Quarter to Date & NY Budget View', 'Year to Date & Budget View', 'Year to Date & Forecast View', 'Year to Date & Year on Year View', 'Year to Date & NY Budget View'",,,,
categories,"[""'Deal'"", ""'pmp'"", ""'PG - CPM'"", ""'AG'"", ""'PMP_DEAL'"", ""'RTB'"", ""'PG - CPD'"", ""'Open Auction'"", ""'Unknown'"", ""'UFR'"", ""'Guaranteed'"", ""'Deal'"", ""'Open Auction'""]",TransactionType values are hardcoded in a CASE statement to derive TransactionCategory.,Create a `transaction_type_lookup` table with `original_transaction_type` and `mapped_category` columns. Join to this table instead of hardcoding.,high,high,14,b15d856f-e3ce-4991-bf2a-92395390524f,hardcoded_variable,13.0,"'Deal', 'pmp', 'PG - CPM', 'AG', 'PMP_DEAL', 'RTB', 'PG - CPD', 'Open Auction', 'Unknown', 'UFR', 'Guaranteed', 'Deal', 'Open Auction'",,,,
categories,"[""'Commercial Content'"", ""'Free News & Lifestyle'"", ""'State & Communities'"", ""'The Australian & Prestige'""]",Used in WHERE clause to filter `product_group` for `advertiser_group` dimension lookup.,"These product group names should be stored in a `product_group_master` reference table and joined to the `adsales_performance` table, or used as parameters.",medium,medium,15,d3bcf796-2396-4a6f-b0a3-da0b7f299a58,hardcoded_variable,4.0,"'Commercial Content', 'Free News & Lifestyle', 'State & Communities', 'The Australian & Prestige'",,,,
categories,"[""'Unknown'""]",Used in WHERE clause to exclude `product_group` values for `fin_adtype_name` dimension lookup.,"The 'Unknown' category should be handled consistently, potentially by defining it in a reference table or using a standard `COALESCE` or `IFNULL` pattern if it represents missing data.",low,low,15,d3bcf796-2396-4a6f-b0a3-da0b7f299a58,hardcoded_variable,1.0,'Unknown',,,,
categories,"[""''""]",Used in WHERE clause to filter `product_group` for `financial_week` dimension lookup.,"Empty string values for `product_group` should be addressed. Either they represent a valid category that should be named, or they indicate missing/invalid data that should be cleaned or excluded explicitly.",medium,medium,15,d3bcf796-2396-4a6f-b0a3-da0b7f299a58,hardcoded_variable,1.0,'',,,,
,,financial_year filter in ad sales revenue queries,,high,,17,77c68c35-20ce-477a-b216-0c781d43a8ca,hardcoded_date,,,2025,2025,"replace with a parameter or relative date function (e.g., CURRENT_FINANCIAL_YEAR())",high
,,fiscal_week_id filter in finance operating statement query,,high,,17,77c68c35-20ce-477a-b216-0c781d43a8ca,hardcoded_date,,,202548,202548,replace with a parameter or derive from a date dimension table,high
,,fiscal_week_id filter in finance operating statement query,,high,,17,77c68c35-20ce-477a-b216-0c781d43a8ca,hardcoded_date,,,202549,202549,replace with a parameter or derive from a date dimension table,high
,,fiscal_week_id filter in finance operating statement query,,high,,17,77c68c35-20ce-477a-b216-0c781d43a8ca,hardcoded_date,,,202550,202550,replace with a parameter or derive from a date dimension table,high
,,fiscal_week_id filter in finance operating statement query,,high,,17,77c68c35-20ce-477a-b216-0c781d43a8ca,hardcoded_date,,,202551,202551,replace with a parameter or derive from a date dimension table,high
categories,"[""'Booked'"", ""'Billed'""]",revenue_transaction_status filter,join to a 'revenue_transaction_status_master' reference table,medium,medium,17,77c68c35-20ce-477a-b216-0c781d43a8ca,hardcoded_variable,2.0,"'Booked', 'Billed'",,,,
business_rules,"[""'Medium Rare Content Agency'""]",exclusion filter for source_publishing_division,manage excluded divisions in a configuration table,medium,medium,17,77c68c35-20ce-477a-b216-0c781d43a8ca,hardcoded_variable,1.0,'Medium Rare Content Agency',,,,
lookup_codes,"[""'-1'""]",invoice_number filter (likely for specific transaction types),clarify business meaning of '-1' and manage via a lookup or configuration table if it represents a specific category,medium,medium,17,77c68c35-20ce-477a-b216-0c781d43a8ca,hardcoded_variable,1.0,'-1',,,,
lookup_codes,"[""'PLUTO'"", ""'CPQ'"", ""'ADPT'""]",source_system_code filter,join to a 'source_system_master' reference table,medium,medium,17,77c68c35-20ce-477a-b216-0c781d43a8ca,hardcoded_variable,3.0,"'PLUTO', 'CPQ', 'ADPT'",,,,
lookup_codes,"[""'9707'"", ""'9655'"", ""'9658'""]",unified_publication_gl_code filter,join to a 'gl_code_master' reference table,medium,medium,17,77c68c35-20ce-477a-b216-0c781d43a8ca,hardcoded_variable,3.0,"'9707', '9655', '9658'",,,,
,,Used as a reference date for calculating week differences and current date in Query 2.,,high,,18,6a26c78f-0070-4fb3-88b8-691ee4a4485a,hardcoded_date,,,15/04/2025,2025-04-15 04:14:20.297382+00,Replace with CURRENT_DATE() or a dashboard date parameter.,high
,,Used as a fixed baseline date in DATETIME_DIFF calculation for week number in Query 2.,,high,,18,6a26c78f-0070-4fb3-88b8-691ee4a4485a,hardcoded_date,,,03/07/2024,2024-07-03T00:00:00,"Replace with a dynamic start date (e.g., start of fiscal year) or a parameter.",high
business_rules,"[""'1'"", ""'2'"", ""'3'""]","Numeric literals used in CASE statements to select different metric calculation paths (e.g., current, forecast, last year). These likely correspond to Looker Studio parameter values.","Use a Looker Studio parameter that directly maps to column names or a more explicit conditional logic, or pre-calculate these periods in the underlying data model.",high,high,18,6a26c78f-0070-4fb3-88b8-691ee4a4485a,hardcoded_variable,3.0,"'1', '2', '3'",,,,
lookup_codes,"[""'The Daily Telegraph'"", ""'The Herald Sun'"", ""'The Advertiser'"", ""'Courier Mail'"", ""'Cairns Post'"", ""'GCB'"", ""'Townsville Bulletin'"", ""'The Chronicle'"", ""'Daily Mercury'"", ""'Sunshine Coast'"", ""'Northern Territory News'"", ""'Mercury'"", ""'Weekly Times'"", ""'Geelong Advertiser'"", ""'The Australian'"", ""'The Sportsman'"", ""'PNG'"", ""'6 Day Pubs'"", ""'Mercury and Sunday Tas'"", ""'NT News & Sunday Territorian'"", ""'Other'"", ""'Retail'"", ""'Subscriptions'"", ""'Alternative Channels'"", ""'M-F'"", ""'SAT'"", ""'Sun'"", ""'ALL SALES CHANNELS'"", ""'FY2025'"", ""'CIRCULATION'"", ""'DTI Free Copies'""]","Various string literals used for publication names, sales channels, day categories, and filtering criteria within CASE statements and WHERE clauses.","Create and join to governed dimension tables (e.g., `dim_publication`, `dim_sales_channel`, `dim_calendar`) for consistent categorization and filtering. Parameterize the fiscal year.",high,high,18,6a26c78f-0070-4fb3-88b8-691ee4a4485a,hardcoded_variable,31.0,"'The Daily Telegraph', 'The Herald Sun', 'The Advertiser', 'Courier Mail', 'Cairns Post', 'GCB', 'Townsville Bulletin', 'The Chronicle', 'Daily Mercury', 'Sunshine Coast', 'Northern Territory News', 'Mercury', 'Weekly Times', 'Geelong Advertiser', 'The Australian', 'The Sportsman', 'PNG', '6 Day Pubs', 'Mercury and Sunday Tas', 'NT News & Sunday Territorian', 'Other', 'Retail', 'Subscriptions', 'Alternative Channels', 'M-F', 'SAT', 'Sun', 'ALL SALES CHANNELS', 'FY2025', 'CIRCULATION', 'DTI Free Copies'",,,,
,,Used as a baseline date for calculating week differences (DATETIME_DIFF) in Query 1.,,high,,19,2104a3f5-9424-4087-a928-e67fecae789a,hardcoded_date,,,03/07/2024,2024-07-03T00:00:00,Replace with a dynamic fiscal year start date from a calendar dimension table or a parameter.,high
,,Used to derive a specific fiscal week number (202549) for filtering in Query 1. This hardcodes the report to a single week.,,high,,19,2104a3f5-9424-4087-a928-e67fecae789a,hardcoded_date,,,23/06/2025,2025-06-23 04:08:01.229999+00,Replace with CURRENT_DATE() or a date parameter to allow dynamic reporting for the current or selected week.,high
,,Used to derive a fiscal week number for a 'year-to-date' or 'current period' filter in Query 3.,,high,,19,2104a3f5-9424-4087-a928-e67fecae789a,hardcoded_date,,,04/06/2025,2025-06-04 07:28:59.451817+00,Replace with CURRENT_DATE() or a date parameter to allow dynamic reporting for the current period.,high
business_rules,"[""'CIRCULATION'""]","Primary filter for os_level_6, defining the dashboard's scope.",Consider if this should be configurable or derived from a business unit dimension.,medium,low,19,2104a3f5-9424-4087-a928-e67fecae789a,hardcoded_variable,1.0,'CIRCULATION',,,,
business_rules,"[""'FY2025'""]",Fiscal year filter applied to the base data. This will make the dashboard stale after FY2025.,"Replace with a dynamic fiscal year (e.g., `EXTRACT(YEAR FROM CURRENT_DATE())` or a parameter) or derive from a period control table.",high,high,19,2104a3f5-9424-4087-a928-e67fecae789a,hardcoded_variable,1.0,'FY2025',,,,
categories,"[""'Free News & Lifestyle'"", ""'Food'"", ""'Prestige'""]","Exclusion filters for publication codes (l04_publication_code, l06_publication_code).",Manage these exclusions in a configuration table or a publication dimension with a 'is_excluded' flag.,medium,medium,19,2104a3f5-9424-4087-a928-e67fecae789a,hardcoded_variable,3.0,"'Free News & Lifestyle', 'Food', 'Prestige'",,,,
categories,"[""'Weekly Times'"", ""'Sunshine Coast'"", ""'Mackay'""]",Exclusion filters for publication names.,Manage these exclusions in a configuration table or a publication dimension with a 'is_excluded' flag.,medium,medium,19,2104a3f5-9424-4087-a928-e67fecae789a,hardcoded_variable,3.0,"'Weekly Times', 'Sunshine Coast', 'Mackay'",,,,
categories,"[""'All Sales Channels'""]",Filter for os_level_7 (Sales Channel).,Manage sales channel categories in a dimension table.,low,low,19,2104a3f5-9424-4087-a928-e67fecae789a,hardcoded_variable,1.0,'All Sales Channels',,,,
lookup_codes,"[""'NT News'"", ""'Sunday Territorian'"", ""'Advertiser'"", ""'Post Courier'"", ""'PNG'"", ""'The Daily Telegraph'"", ""'The Sunday Telegraph'"", ""'Herald Sun'"", ""'Sunday Herald Sun'"", ""'Sunday Tasmanian'"", ""'Mercury'"", ""'The Sportsman'"", ""'The Courier Mail'"", ""'The Australian'"", ""'6 Day Pubs'"", ""'Mercury and Sunday Tas'"", ""'NT News & Sunday Territorian'"", ""'Other'"", ""'The Advertiser'"", ""'The Courier Mail'"", ""'The Daily Telegraph'"", ""'The Herald Sun'"", ""'Geelong Advertiser'"", ""'Sydney Suburbans'"", ""'Toowoomba'"", ""'Townsville Bulletin'""]","Extensive hardcoded lists for publication categorization (e.g., publication_category_level_1, publication_type).",Create a `DIM_publication_category` table to manage these mappings and join to it. This will centralize business logic and reduce query complexity.,high,high,19,2104a3f5-9424-4087-a928-e67fecae789a,hardcoded_variable,26.0,"'NT News', 'Sunday Territorian', 'Advertiser', 'Post Courier', 'PNG', 'The Daily Telegraph', 'The Sunday Telegraph', 'Herald Sun', 'Sunday Herald Sun', 'Sunday Tasmanian', 'Mercury', 'The Sportsman', 'The Courier Mail', 'The Australian', '6 Day Pubs', 'Mercury and Sunday Tas', 'NT News & Sunday Territorian', 'Other', 'The Advertiser', 'The Courier Mail', 'The Daily Telegraph', 'The Herald Sun', 'Geelong Advertiser', 'Sydney Suburbans', 'Toowoomba', 'Townsville Bulletin'",,,,
thresholds,['48'],Magic number '48' used in calculations for `clmn38_` (divisor for volume) and `clmn45_` (week to month mapping). This is highly ambiguous and likely a bug or placeholder.,"Clarify the intent of this number. If it's a fiscal week/month, use the actual `fy_year_week_number` or `fy_month_of_year` column. If it's a fixed constant, parameterize it with a clear name.",high,high,19,2104a3f5-9424-4087-a928-e67fecae789a,hardcoded_variable,1.0,48,,,,
business_rules,"[""'2'""]",Magic string '2' used in `CASE WHEN ('2' = '1') THEN ...` to select a specific volume type (always `clmn51_`). This implies a hardcoded selection of 'Actual' or 'Forecast' based on other conditions.,"Replace with a clear parameter (e.g., `selected_volume_type`) or a more explicit `CASE WHEN` that directly references the desired volume column based on business logic.",medium,medium,19,2104a3f5-9424-4087-a928-e67fecae789a,hardcoded_variable,1.0,'2',,,,
business_rules,"[""'$\\'000' = '$'""]","Conditional logic for revenue/target formatting, which is always false due to string comparison. This makes the 'THEN' branch unreachable.",Remove dead code or parameterize formatting preference if dynamic formatting is truly needed.,low,low,20,155c4518-72bf-4309-a0e9-240dd564f421,hardcoded_variable,1.0,'$\'000' = '$',,,,
thresholds,"['0.01', '-0.01', '0']",Thresholds used to determine 'blank_portfolio_flag' based on scaled gross revenue and target.,Parameterize these thresholds for flexibility and easier adjustment by business users.,medium,medium,20,155c4518-72bf-4309-a0e9-240dd564f421,hardcoded_variable,3.0,"0.01, -0.01, 0",,,,
categories,"[""'NEW BUSINESS'"", ""'RETAINED'"", ""'INACTIVE'"", ""'LAPSED'"", ""'Other'"", ""'All'""]","Customer status categories derived from revenue performance (fix_ly_lgr, fix_ty_lgr).",Store these categories and their definitions (including thresholds) in a governed reference table to centralize business logic.,high,high,20,155c4518-72bf-4309-a0e9-240dd564f421,hardcoded_variable,6.0,"'NEW BUSINESS', 'RETAINED', 'INACTIVE', 'LAPSED', 'Other', 'All'",,,,
categories,"[""'The Australian & Prestige'"", ""'State & Communities'"", ""'Free News & Lifestyle'"", ""'Client'"", ""'Commercial Content'"", ""'Group Functions'"", ""'Others'"", ""'Unknown'""]",Product group categories and their hardcoded numerical ordering.,"Store product group definitions and their display order in a reference table, allowing for easier updates and consistent application.",high,high,20,155c4518-72bf-4309-a0e9-240dd564f421,hardcoded_variable,8.0,"'The Australian & Prestige', 'State & Communities', 'Free News & Lifestyle', 'Client', 'Commercial Content', 'Group Functions', 'Others', 'Unknown'",,,,
lookup_codes,"[""'XTEND'""]",Specific ad type used for categorization within 'revenue_type_category'.,"If 'XTEND' is a specific type, it should be part of a `fin_adtype_name` lookup table to ensure consistency and manageability.",medium,medium,20,155c4518-72bf-4309-a0e9-240dd564f421,hardcoded_variable,1.0,'XTEND',,,,
lookup_codes,"[""'PRINT'""]",Specific revenue type used for filtering in one of the queries.,"If 'PRINT' is a specific type, it should be part of a `revenue_type` lookup table.",medium,medium,20,155c4518-72bf-4309-a0e9-240dd564f421,hardcoded_variable,1.0,'PRINT',,,,
business_rules,"['0', '-1', '-12', '-4']",Relative fiscal year/month/quarter offsets used for current/previous period calculations. These define the reporting window.,"Use dynamic date logic (e.g., `CURRENT_DATE()`, `DATE_TRUNC`) or parameterize fiscal period definitions to make the dashboard adaptable to different reporting periods.",high,high,20,155c4518-72bf-4309-a0e9-240dd564f421,hardcoded_variable,4.0,"0, -1, -12, -4",,,,
lookup_codes,"[""'DESIREE DURRANT'"", ""'CHRIS JEFFS'""]",Specific GSD names used for filtering data in individual queries.,"Parameterize GSD names for filtering or use a GSD dimension table for dynamic selection, avoiding hardcoded lists.",medium,medium,20,155c4518-72bf-4309-a0e9-240dd564f421,hardcoded_variable,2.0,"'DESIREE DURRANT', 'CHRIS JEFFS'",,,,
parameters,"[""'1'""]","Hardcoded value for `@customer_retention_type` parameter, which forces 'All' customer status, overriding detailed logic.","Ensure parameter is correctly configured in Looker Studio to allow user selection, or remove the hardcoded default if it's not intended to force 'All'.",high,high,20,155c4518-72bf-4309-a0e9-240dd564f421,hardcoded_variable,1.0,'1',,,,
thresholds,['1000'],Scaling factor used to convert amounts to '000s.,Parameterize the scaling factor if it might change or if different scales are needed.,low,low,20,155c4518-72bf-4309-a0e9-240dd564f421,hardcoded_variable,1.0,1000,,,,
,,financial_year filter across all queries,,high,,22,705edcb5-737a-4600-b1a7-11870177f97a,hardcoded_date,,,2025,2025,replace with CURRENT_DATE() based year or parameter,high
,,financial_short_month filter in one query,,medium,,22,705edcb5-737a-4600-b1a7-11870177f97a,hardcoded_date,,,Oct,Oct,replace with CURRENT_DATE() based month or parameter,medium
business_rules,"[""'Medium Rare Content Agency'""]",exclusion filter for source_publishing_division,use a configurable exclusion list or join to a reference table,medium,medium,22,705edcb5-737a-4600-b1a7-11870177f97a,hardcoded_variable,1.0,'Medium Rare Content Agency',,,,
lookup_codes,"[""'Billed'"", ""'Booked'""]",inclusion filter for revenue_transaction_status,join to a reference table for transaction statuses,low,low,22,705edcb5-737a-4600-b1a7-11870177f97a,hardcoded_variable,2.0,"'Billed', 'Booked'",,,,
lookup_codes,"[""'Programmatic'""]",inclusion filter for revenue_type_level2,join to a reference table for revenue types,medium,medium,22,705edcb5-737a-4600-b1a7-11870177f97a,hardcoded_variable,1.0,'Programmatic',,,,
lookup_codes,"[""'Programmatic Source'"", ""'Digital'""]",inclusion filter for revenue_group_subtype,join to a reference table for revenue group subtypes,medium,medium,22,705edcb5-737a-4600-b1a7-11870177f97a,hardcoded_variable,2.0,"'Programmatic Source', 'Digital'",,,,
lookup_codes,"[""'Foxtel Management Pty Ltd'""]",inclusion filter for advertiser_name,parameterize or join to a reference table for advertisers,high,high,22,705edcb5-737a-4600-b1a7-11870177f97a,hardcoded_variable,1.0,'Foxtel Management Pty Ltd',,,,
lookup_codes,"[""'PLUTO'""]",inclusion filter for source_system_code,join to a reference table for source systems,medium,medium,22,705edcb5-737a-4600-b1a7-11870177f97a,hardcoded_variable,1.0,'PLUTO',,,,
,,financial_year filter in multiple queries,,high,,23,61f1feb4-fc3e-4bee-b987-84c86cfe6425,hardcoded_date,,,2024,2024,"replace with parameter or relative date logic (e.g., `EXTRACT(YEAR FROM CURRENT_DATE())`)",high
,,financial_year filter in multiple queries,,high,,23,61f1feb4-fc3e-4bee-b987-84c86cfe6425,hardcoded_date,,,2025,2025,"replace with parameter or relative date logic (e.g., `EXTRACT(YEAR FROM CURRENT_DATE()) + 1`)",high
categories,"[""'DIGITAL'"", ""'PROGRAMMATIC EXCHANGE'"", ""'PROGRAMMATIC SOURCE'""]",revenue_group_subtype filter in Query 1,join to a `revenue_group_subtype_lookup` table or use a parameter list,medium,medium,23,61f1feb4-fc3e-4bee-b987-84c86cfe6425,hardcoded_variable,3.0,"'DIGITAL', 'PROGRAMMATIC EXCHANGE', 'PROGRAMMATIC SOURCE'",,,,
business_rules,"[""'Y'""]",xtend_flag check in derived revenue type calculation,define XTEND flag values in a configuration table,medium,medium,23,61f1feb4-fc3e-4bee-b987-84c86cfe6425,hardcoded_variable,1.0,'Y',,,,
categories,"[""'XTEND'"", ""'DIGITAL'"", ""'PRINT'"", ""'DIGITAL (excl.XTEND)'"", ""'XTEND ONLY'""]",derived and calculated revenue type categories in CASE statements,use a `revenue_category_mapping` lookup table or externalize this logic,high,high,23,61f1feb4-fc3e-4bee-b987-84c86cfe6425,hardcoded_variable,5.0,"'XTEND', 'DIGITAL', 'PRINT', 'DIGITAL (excl.XTEND)', 'XTEND ONLY'",,,,
lookup_codes,"[""'digital'""]",filter value for calculated_revenue_type in Query 2 (note case mismatch with 'DIGITAL'),ensure consistent casing or use `LOWER()`/`UPPER()` for comparison; use a lookup table for filter values,high,high,23,61f1feb4-fc3e-4bee-b987-84c86cfe6425,hardcoded_variable,1.0,'digital',,,,
lookup_codes,"[""'56694'""]",Adpoint_Account filter value in WHERE clause,replace with Looker Studio parameter for user selection,medium,medium,24,258a722d-9b6e-45df-ba00-1b9954ec36b2,hardcoded_variable,1.0,'56694',,,,
other,"['""Australia/Sydney""']",Timezone for last_update_time calculation,"Consider if this should be configurable or derived from a central configuration, but often fixed for reporting.",low,low,24,258a722d-9b6e-45df-ba00-1b9954ec36b2,hardcoded_variable,1.0,"""Australia/Sydney""",,,,
other,"['""gbaba_act_xref""']",Table ID filter in BigQuery metadata query for last_update_time,This is specific to the metadata query's purpose; generally not a governance issue for business logic.,low,low,24,258a722d-9b6e-45df-ba00-1b9954ec36b2,hardcoded_variable,1.0,"""gbaba_act_xref""",,,,
business_rules,"['0', '1']",relative_fy_year_offset values used to identify current and previous fiscal years.,Define fiscal year logic in a date dimension table or use parameters for dynamic FY selection.,medium,medium,25,4bd7954c-5a94-4fb6-92e1-ed152b1cf7b3,hardcoded_variable,2.0,"0, 1",,,,
thresholds,['1000'],Scaling factor for gross revenue amount (converting to thousands).,Parameterize the scaling factor or store in a configuration table if it might change.,low,low,25,4bd7954c-5a94-4fb6-92e1-ed152b1cf7b3,hardcoded_variable,1.0,1000,,,,
lookup_codes,"[""'The Australian & Prestige'"", ""'PRINT'"", ""'GQ Mag'""]","Specific product group, revenue type, and unified publication name used as filters.",Parameterize these filter values in Looker Studio or use a lookup table for product/publication details.,medium,medium,25,4bd7954c-5a94-4fb6-92e1-ed152b1cf7b3,hardcoded_variable,3.0,"'The Australian & Prestige', 'PRINT', 'GQ Mag'",,,,
categories,"[""'Admin.ADV'"", ""'Admin.DTM'"", ""'Admin.HWT'"", ""'Admin.International'"", ""'Admin.Sales'"", ""'Admin.Sport'"", ""'Admin.TCM'"", ""'Bestrecipes.Admin'"", ""'Bodyandsoul.Admin'"", ""'CODE'"", ""'CodeBet'"", ""'Delicious.admin'"", ""'Escape.Admin'"", ""'GQ.Admin'"", ""'Kidspot.Admin'"", ""'National Sundry'"", ""'National Tabloid PrePrint'"", ""'News.Admin'"", ""'odds.com.au'"", ""'Punters.com.au'"", ""'Qantas Travel Insider'"", ""'RACENET'"", ""'Shortlyster Managed Service'"", ""'Sky News'"", ""'SKYNEWS.ADMIN'"", ""'Stellar.Admin'"", ""'Stockhead'"", ""'SUDDENLY.CW'"", ""'SUDDENLY.NORTH'"", ""'SUDDENLY.TGG'"", ""'Taste.Admin'"", ""'TAUS.ADMIN'"", ""'The Sunday Times'"", ""'TOOWOOMBACUSTOM'"", ""'Vogue.Admin'"", ""'Vogueliving.Admin'""]",Extensive list of unified_publication_name values used to categorize 'Sundry Pubs'.,"Create a `publication_master` or `publication_category_lookup` table with `unified_publication_name` and `publication_category` columns, then join to this table.",high,high,25,4bd7954c-5a94-4fb6-92e1-ed152b1cf7b3,hardcoded_variable,36.0,"'Admin.ADV', 'Admin.DTM', 'Admin.HWT', 'Admin.International', 'Admin.Sales', 'Admin.Sport', 'Admin.TCM', 'Bestrecipes.Admin', 'Bodyandsoul.Admin', 'CODE', 'CodeBet', 'Delicious.admin', 'Escape.Admin', 'GQ.Admin', 'Kidspot.Admin', 'National Sundry', 'National Tabloid PrePrint', 'News.Admin', 'odds.com.au', 'Punters.com.au', 'Qantas Travel Insider', 'RACENET', 'Shortlyster Managed Service', 'Sky News', 'SKYNEWS.ADMIN', 'Stellar.Admin', 'Stockhead', 'SUDDENLY.CW', 'SUDDENLY.NORTH', 'SUDDENLY.TGG', 'Taste.Admin', 'TAUS.ADMIN', 'The Sunday Times', 'TOOWOOMBACUSTOM', 'Vogue.Admin', 'Vogueliving.Admin'",,,,
,,used as a specific filter for Month Start Date,,high,,26,87651b69-c43e-471f-9c4b-98df1208a844,hardcoded_date,,,01/06/2025,DATE '2025-06-01',"replace with a Looker Studio date parameter or relative date function (e.g., DATE_TRUNC(CURRENT_DATE(), MONTH))",high
categories,"[""'Guaranteed'""]",TransactionType filter,Use a Looker Studio parameter for TransactionType or join to a transaction_type_lookup table.,medium,medium,26,87651b69-c43e-471f-9c4b-98df1208a844,hardcoded_variable,1.0,'Guaranteed',,,,
categories,"[""'Chemist Warehouse *'""]",Advertiser filter,Use a Looker Studio parameter for Advertiser or join to an advertiser_master table.,medium,medium,26,87651b69-c43e-471f-9c4b-98df1208a844,hardcoded_variable,1.0,'Chemist Warehouse *',,,,
,,"Used to derive the start date of the 'current period' for spend calculations (e.g., `clmn13_` in Q1, `clmn12_` in Q2).",,high,,27,e9d8a216-4950-4d30-b344-5011776edbdf,hardcoded_date,,,01/08/2023,'Aug 23',"Replace with a dashboard parameter or a relative date function (e.g., `DATE_TRUNC(CURRENT_DATE(), MONTH)` or `DATE_SUB(CURRENT_DATE(), INTERVAL 1 MONTH)`).",high
,,"Used to derive the end date of the 'current period' for spend calculations (e.g., `clmn14_` in Q1, `clmn13_` in Q2).",,high,,27,e9d8a216-4950-4d30-b344-5011776edbdf,hardcoded_date,,,01/06/2024,'Jun 24',"Replace with a dashboard parameter or a relative date function (e.g., `CURRENT_DATE()` or `DATE_SUB(CURRENT_DATE(), INTERVAL 1 DAY)`).",high
,,"Used to derive the start date of the 'previous year period' for spend calculations (e.g., `clmn15_` in Q1, `clmn14_` in Q2).",,medium,,27,e9d8a216-4950-4d30-b344-5011776edbdf,hardcoded_date,,,01/08/2022,Derived from 'Aug 23' minus 12 months,This date is derived from the 'current period' start date. Ensure the base date parameterization handles this derivation.,medium
,,"Used to derive the end date of the 'previous year period' for spend calculations (e.g., `clmn17_` in Q1, `clmn16_` in Q2).",,medium,,27,e9d8a216-4950-4d30-b344-5011776edbdf,hardcoded_date,,,01/06/2023,Derived from 'Jun 24' minus 12 months,This date is derived from the 'current period' end date. Ensure the base date parameterization handles this derivation.,medium
lookup_codes,"[""'Jan'"", ""'Feb'"", ""'Mar'"", ""'Apr'"", ""'May'"", ""'Jun'"", ""'Jul'"", ""'Aug'"", ""'Sep'"", ""'Oct'"", ""'Nov'"", ""'Dec'""]",Month abbreviations are hardcoded in CASE statements to convert string month names to numeric month values for date parsing.,"Use standard SQL date functions like `EXTRACT(MONTH FROM PARSE_DATE('%b %y', month_year_string))` or a dedicated date dimension table for month name lookups.",medium,high,27,e9d8a216-4950-4d30-b344-5011776edbdf,hardcoded_variable,12.0,"'Jan', 'Feb', 'Mar', 'Apr', 'May', 'Jun', 'Jul', 'Aug', 'Sep', 'Oct', 'Nov', 'Dec'",,,,
categories,"[""'NEWS CORP'""]","Used to filter `Media_Network` for specific spend calculations (e.g., `NewsCorp_Spend_Current_Period`).","If this value is subject to change or part of a larger set of media networks, it should be managed via a configuration table or a dashboard parameter.",low,medium,27,e9d8a216-4950-4d30-b344-5011776edbdf,hardcoded_variable,1.0,'NEWS CORP',,,,
categories,"[""'Retail'""]","Used to filter `Major_Category` for specific spend calculations (e.g., `Retail_Spend_Current_Period`).","If this value is subject to change or part of a larger set of major categories, it should be managed via a configuration table or a dashboard parameter.",low,medium,27,e9d8a216-4950-4d30-b344-5011776edbdf,hardcoded_variable,1.0,'Retail',,,,
business_rules,"[""'FY2025'""]",Fiscal year filter applied to gl_hierarchy_code. This makes the dashboard static for a specific year.,Replace with a dashboard parameter for fiscal year or use relative fiscal year calculations.,high,high,28,b1c5901f-a535-42eb-870d-05cc025f7c27,hardcoded_variable,1.0,'FY2025',,,,
business_rules,['40'],Fiscal week filter applied to fy_week_of_year. This makes the dashboard static for a specific week.,"Replace with a dashboard parameter for fiscal week or use relative fiscal week calculations (e.g., current week, previous week).",high,high,28,b1c5901f-a535-42eb-870d-05cc025f7c27,hardcoded_variable,1.0,40,,,,
categories,"[""'Total Revenue'"", ""'Total Expenses'""]",OS Level 4 filter. These are specific categories of financial data.,Use a multi-select dashboard parameter for os_level_4 or join to a reference table for OS levels if they are dynamic.,medium,medium,28,b1c5901f-a535-42eb-870d-05cc025f7c27,hardcoded_variable,2.0,"'Total Revenue', 'Total Expenses'",,,,
lookup_codes,"[""'News Media Publishing'""]",L03 Publication Code filter. This is a specific publication hierarchy level.,Use a dashboard parameter for l03_publication_code or ensure this value is managed in the `v_asl_DIM_os_publication_hierachy` table.,medium,medium,28,b1c5901f-a535-42eb-870d-05cc025f7c27,hardcoded_variable,1.0,'News Media Publishing',,,,
categories,"[""'Circulation'"", ""'Subscription'"", ""'Content Licensing'""]",OS Level 9 filter. These are specific sub-categories of financial data.,Use a multi-select dashboard parameter for os_level_9 or join to a reference table for OS levels.,medium,medium,28,b1c5901f-a535-42eb-870d-05cc025f7c27,hardcoded_variable,3.0,"'Circulation', 'Subscription', 'Content Licensing'",,,,
lookup_codes,"[""'CP'"", ""'PY'""]",Period names used in the join to `v_asl_DIM_period_control` within the calendar subquery. These define which periods are considered 'current' or 'previous year'.,"If these period names can change or need to be dynamic, consider making them configurable via a lookup table or parameter.",low,low,28,b1c5901f-a535-42eb-870d-05cc025f7c27,hardcoded_variable,2.0,"'CP', 'PY'",,,,
lookup_codes,"[""'Contra'"", ""'Renee Sycamore'"", ""'13019'"", ""'52246'"", ""'18387'"", ""'ctr'"", ""'Guaranteed'"", ""'Exchange'"", ""'BILLED'"", ""'BOOKED'"", ""'ROP COMPOSITE'"", ""'MEDIUM RARE CONTENT AGENCY'"", ""'SUDDENLY%'"", ""'17114'"", ""'29172'"", ""'52809'"", ""'-'"", ""'CTR_2023_AFL SPORT'"", ""'CTR_2023_GWS GIANTS'"", ""'CTR_2023_SYDNEY SWANS'"", ""'CTR_2025_Greater Western Sydney Giants'"", ""'CTR_2025_Raising Literacy Australia'""]","Used in WHERE clauses for filtering dimensions (industry pillar, sales GM, advertiser name, account number, revenue attributes) and in CASE statements for re-categorization.","These values should be managed in governed reference tables (e.g., `dim_contra_accounts`, `dim_advertiser_categories`, `dim_revenue_rules`).",high,high,29,b9dfd2f4-92fa-4f81-a5b1-17de880470f9,hardcoded_variable,22.0,"'Contra', 'Renee Sycamore', '13019', '52246', '18387', 'ctr', 'Guaranteed', 'Exchange', 'BILLED', 'BOOKED', 'ROP COMPOSITE', 'MEDIUM RARE CONTENT AGENCY', 'SUDDENLY%', '17114', '29172', '52809', '-', 'CTR_2023_AFL SPORT', 'CTR_2023_GWS GIANTS', 'CTR_2023_SYDNEY SWANS', 'CTR_2025_Greater Western Sydney Giants', 'CTR_2025_Raising Literacy Australia'",,,,
categories,"[""'VACANT'"", ""'Y'"", ""'N'"", ""'XXX'"", ""'ctr1'"", ""'CTR_2023_AFL Sports CTR_2023_Sydney Swans CTR_2023_GWS Giants'""]","Default values for IFNULL, flags for derived categories, and specific re-categorized advertiser names.",Derived categories and flags should be defined in a business rule configuration table or a dedicated dimension table.,medium,medium,29,b9dfd2f4-92fa-4f81-a5b1-17de880470f9,hardcoded_variable,6.0,"'VACANT', 'Y', 'N', 'XXX', 'ctr1', 'CTR_2023_AFL Sports CTR_2023_Sydney Swans CTR_2023_GWS Giants'",,,,
,,Fiscal Year filter in WHERE clause,,high,,30,4d22b4c2-4bb3-49db-a0c1-4d46d4fba101,hardcoded_date,,,2025,2025,"replace with a parameter or relative fiscal year (e.g., `EXTRACT(YEAR FROM CURRENT_DATE())` or `CURRENT_FY_YEAR()`)",high
lookup_codes,"[""'op'""]",Exclusion filter for `table_nm`,Define valid `table_nm` values in a reference table or configuration.,low,low,30,4d22b4c2-4bb3-49db-a0c1-4d46d4fba101,hardcoded_variable,1.0,'op',,,,
business_rules,"[""'Digital Y'"", ""'Digital N'"", ""'Bundle Y'"", ""'Not Available Y'""]",Logic for `subscription_type` derivation,Create a `subscription_type_lookup` table or a governed view that defines these mappings.,medium,medium,30,4d22b4c2-4bb3-49db-a0c1-4d46d4fba101,hardcoded_variable,4.0,"'Digital Y', 'Digital N', 'Bundle Y', 'Not Available Y'",,,,
lookup_codes,"[""'TA'"", ""'CM'"", ""'DT'"", ""'HS'"", ""'AA'"", ""'CP'"", ""'GA'"", ""'GC'"", ""'NT'"", ""'TM'"", ""'TB'"", ""'TC'"", ""'WT'"", ""'SC'"", ""'CS'"", ""'TS'"", ""'AP'"", ""'RN'"", ""'PU'""]",Masthead codes used in `publication_type` and `publication_group` derivations,"Create a `masthead_lookup` table with `masthead_code`, `publication_type`, `publication_group` columns and join to it.",high,high,30,4d22b4c2-4bb3-49db-a0c1-4d46d4fba101,hardcoded_variable,19.0,"'TA', 'CM', 'DT', 'HS', 'AA', 'CP', 'GA', 'GC', 'NT', 'TM', 'TB', 'TC', 'WT', 'SC', 'CS', 'TS', 'AP', 'RN', 'PU'",,,,
business_rules,"[""'Exclude'"", ""'The Australian and Prestige'""]",Specific values used for filtering `publication_type` and `publication_group`,These derived values should be consistent with the `masthead_lookup` table.,medium,medium,30,4d22b4c2-4bb3-49db-a0c1-4d46d4fba101,hardcoded_variable,2.0,"'Exclude', 'The Australian and Prestige'",,,,
lookup_codes,"[""'_AB'"", ""'_BB'"", ""'_CF'"", ""'_CS'"", ""'_FA'"", ""'_FF'"", ""'_NA'"", ""'_PC'"", ""'_PE'"", ""'_SL'"", ""'_SS'"", ""'_TE'"", ""'_TH'"", ""'_TO'"", ""'_WS'"", ""'PRED'"", ""'AMP'"", ""'FBK'"", ""'FMB'"", ""'GGL'"", ""'GGN'"", ""'INS'"", ""'LIN'"", ""'NEW'"", ""'NWL'"", ""'POD'"", ""'POR'"", ""'RED'"", ""'SCP'"", ""'SEC'"", ""'TCA'"", ""'TMP'"", ""'TWA'"", ""'TWT'"", ""'WID'"", ""'_FBK'"", ""'_GGL'"", ""'_LIN'"", ""'_RED'"", ""'_TWT'""]",Source codes/patterns used in `source_channel` derivation,"Create a `source_channel_lookup` table with `source_code_pattern`, `channel_name`, and potentially `pattern_type` (e.g., 'RIGHT_3', 'RIGHT_4', 'FULL_STRPOS') and join to it.",high,high,30,4d22b4c2-4bb3-49db-a0c1-4d46d4fba101,hardcoded_variable,40.0,"'_AB', '_BB', '_CF', '_CS', '_FA', '_FF', '_NA', '_PC', '_PE', '_SL', '_SS', '_TE', '_TH', '_TO', '_WS', 'PRED', 'AMP', 'FBK', 'FMB', 'GGL', 'GGN', 'INS', 'LIN', 'NEW', 'NWL', 'POD', 'POR', 'RED', 'SCP', 'SEC', 'TCA', 'TMP', 'TWA', 'TWT', 'WID', '_FBK', '_GGL', '_LIN', '_RED', '_TWT'",,,,
business_rules,"[""'Consumer'"", ""'Gift Receiver'"", ""'Campus'"", ""'Corporate'"", ""'Corporate excluding IP'"", ""'Corporate IP'"", ""'IP Access'"", ""'SMB'"", ""'Others'"", ""'B2C'"", ""'B2B'"", ""''""]",Logic for `business_type` derivation and filtering,Create a `business_type_lookup` table for `classification_level_2` to `business_type` mapping.,medium,medium,30,4d22b4c2-4bb3-49db-a0c1-4d46d4fba101,hardcoded_variable,12.0,"'Consumer', 'Gift Receiver', 'Campus', 'Corporate', 'Corporate excluding IP', 'Corporate IP', 'IP Access', 'SMB', 'Others', 'B2C', 'B2B', ''",,,,
,,"Used as a fixed snapshot date (clmn0_) to determine 'past dashboard date' calculations (clmn15_, clmn30_, clmn34_).",,high,,31,5491badf-5ec0-4b4f-a427-b12a3a3395dd,hardcoded_date,,,18/06/2025,2025-06-18 03:06:41.434326+00,"Replace with `CURRENT_DATE()` for dynamic 'as of today' reporting, or parameterize if a specific historical snapshot date is intended.",high
categories,"[""'Guaranteed'"", ""'PMP'"", ""'Non-Guaranteed'""]","Cost model types used in CASE statements for revenue segmentation (clmn1_, clmn11_).",These values should be sourced from a `cost_model_type_lookup` reference table to ensure consistency and allow for future changes without code modification.,medium,high,31,5491badf-5ec0-4b4f-a427-b12a3a3395dd,hardcoded_variable,3.0,"'Guaranteed', 'PMP', 'Non-Guaranteed'",,,,
categories,"[""'TUBI'"", ""'PERFORMANCE'"", ""'PROGRAMMATIC SOURCE'"", ""'Run of Audience Extension'""]","Unified publication names and revenue group subtypes used for classification and filtering (clmn10_, clmn16_, clmn17_, clmn18_, clmn23_).",These should be managed in a `publication_name_lookup` or `revenue_group_lookup` table. This allows for centralized management of business categories.,medium,high,31,5491badf-5ec0-4b4f-a427-b12a3a3395dd,hardcoded_variable,4.0,"'TUBI', 'PERFORMANCE', 'PROGRAMMATIC SOURCE', 'Run of Audience Extension'",,,,
lookup_codes,"[""'PG'"", ""'OMP'""]",Derived revenue category codes (clmn23_).,"These are internal codes derived from other hardcoded values. If these codes are used elsewhere, they should be part of a governed `revenue_category_lookup` table.",low,medium,31,5491badf-5ec0-4b4f-a427-b12a3a3395dd,hardcoded_variable,2.0,"'PG', 'OMP'",,,,
business_rules,"[""'Y'"", ""'N'""]","Boolean flags derived from `unified_publication_name` (clmn18_, clmn22_).","While simple, using boolean (TRUE/FALSE) directly is often cleaner than 'Y'/'N' strings. If 'Y'/'N' is a standard, ensure it's documented.",low,low,31,5491badf-5ec0-4b4f-a427-b12a3a3395dd,hardcoded_variable,2.0,"'Y', 'N'",,,,
business_rules,"['-1', '0', '1']",relative_fy_year_offset filter for fiscal years,Use a date dimension table with relative fiscal year flags or parameterize the offset.,high,medium,32,8956e94b-f6d1-46a3-9c7f-87a91fbe98b5,hardcoded_variable,3.0,"-1, 0, 1",,,,
lookup_codes,"[""'BILLED'"", ""'BOOKED'""]",revenue_transaction_status filter,Join to a `revenue_transaction_status_lookup` table.,medium,low,32,8956e94b-f6d1-46a3-9c7f-87a91fbe98b5,hardcoded_variable,2.0,"'BILLED', 'BOOKED'",,,,
lookup_codes,"[""'ROP COMPOSITE'""]",style_name exclusion filter,Manage excluded style names in a configuration table.,low,low,32,8956e94b-f6d1-46a3-9c7f-87a91fbe98b5,hardcoded_variable,1.0,'ROP COMPOSITE',,,,
lookup_codes,"[""'MEDIUM RARE CONTENT AGENCY'""]",source_publishing_division exclusion filter,Manage excluded publishing divisions in a configuration table.,low,low,32,8956e94b-f6d1-46a3-9c7f-87a91fbe98b5,hardcoded_variable,1.0,'MEDIUM RARE CONTENT AGENCY',,,,
business_rules,"[""'SUDDENLY%'"", ""'17114'"", ""'29172'"", ""'52809'""]",Complex publication_name and account_number logic,Externalize this logic into a configuration table or a dedicated view.,high,high,32,8956e94b-f6d1-46a3-9c7f-87a91fbe98b5,hardcoded_variable,4.0,"'SUDDENLY%', '17114', '29172', '52809'",,,,
categories,"[""'Digital Other'""]",sales_segment_l_2_name_sync for 'Is Digital Other Sales Segment' metric,Use a sales segment dimension table.,low,low,32,8956e94b-f6d1-46a3-9c7f-87a91fbe98b5,hardcoded_variable,1.0,'Digital Other',,,,
categories,"[""'Y'"", ""'XTEND'""]",xtend_flag for 'Revenue Type or XTEND' metric,Define XTEND flag values in a lookup table.,low,low,32,8956e94b-f6d1-46a3-9c7f-87a91fbe98b5,hardcoded_variable,2.0,"'Y', 'XTEND'",,,,
categories,"[""'MRCA'"", ""'Client'""]",sales_segment_l_2_name_sync for 'Sales Group' derivation,Define sales group mappings in a configuration table.,medium,low,32,8956e94b-f6d1-46a3-9c7f-87a91fbe98b5,hardcoded_variable,2.0,"'MRCA', 'Client'",,,,
categories,"[""'CONSORTIUM NSW'"", ""'KEY ACCOUNTS NSW RETAIL'"", ""'DIRECT NSW'"", ""'INDEPENDENT AGENCIES NSW'"", ""'PRESTIGE'"", ""'Ian Paterson'""]",sales_segment_l_2_name_sync for 'sales_segment_gm_name_sync_derived' derivation,Define GM assignments in a configuration table or a dedicated mapping table.,medium,medium,32,8956e94b-f6d1-46a3-9c7f-87a91fbe98b5,hardcoded_variable,6.0,"'CONSORTIUM NSW', 'KEY ACCOUNTS NSW RETAIL', 'DIRECT NSW', 'INDEPENDENT AGENCIES NSW', 'PRESTIGE', 'Ian Paterson'",,,,
lookup_codes,"[""'PLUTO'""]",source_system_code for booking_line_created_date derivation,Manage source system codes in a lookup table.,low,low,32,8956e94b-f6d1-46a3-9c7f-87a91fbe98b5,hardcoded_variable,1.0,'PLUTO',,,,
thresholds,"[""'VACANT'""]",Default value for GSD names when null,Standardize default values in a configuration table.,low,low,32,8956e94b-f6d1-46a3-9c7f-87a91fbe98b5,hardcoded_variable,1.0,'VACANT',,,,
other,"[""'XXX'""]",Default value for IFNULL checks in WHERE clauses,"This is a common pattern for `IFNULL` in BigQuery, but consider if `COALESCE` with a more meaningful default or direct `IS NULL` checks are better.",low,low,32,8956e94b-f6d1-46a3-9c7f-87a91fbe98b5,hardcoded_variable,1.0,'XXX',,,,
,,used as a filter for Fiscal_Year in dv_pacman_running_expense queries,,high,,33,6de90f2a-b3f3-46fe-a4fe-13474b2d6618,hardcoded_date,,,2025,2025,replace with a Looker Studio date parameter or CURRENT_DATE() + INTERVAL X YEAR for future-proofing,high
business_rules,"[""'Category'"", ""'Product_Name'"", ""'Product_L1'"", ""'Product_L2'"", ""'Product_L3'"", ""'Product_L4'""]","string literals used in CASE statement to select a dimension. The condition `('Category' = 'Category')` is always true, making the dynamic selection static in this query.","Ensure Looker Studio's parameterization correctly injects the selected dimension name, rather than relying on a hardcoded comparison that defaults to one option. If dynamic dimension selection is intended, the SQL should reflect the parameter's value directly.",medium,medium,33,6de90f2a-b3f3-46fe-a4fe-13474b2d6618,hardcoded_variable,6.0,"'Category', 'Product_Name', 'Product_L1', 'Product_L2', 'Product_L3', 'Product_L4'",,,,
,,financial year filter in multiple queries,,medium,,34,f65a9149-93b4-4aa9-aef6-d12002853222,hardcoded_date,,,2025,2025,"replace with dynamic financial year calculation (e.g., `EXTRACT(YEAR FROM CURRENT_DATE())` or `CURRENT_FINANCIAL_YEAR()`) or a parameter",medium
,,financial year filter in query 2,,medium,,34,f65a9149-93b4-4aa9-aef6-d12002853222,hardcoded_date,,,2026,2026,replace with dynamic financial year calculation or a parameter,medium
lookup_codes,"[""'Booked'"", ""'Billed'""]",revenue transaction status filter,join to a `revenue_transaction_status_lookup` table,low,low,34,f65a9149-93b4-4aa9-aef6-d12002853222,hardcoded_variable,2.0,"'Booked', 'Billed'",,,,
business_rules,"[""'Medium Rare Content Agency'""]",source publishing division exclusion filter,use a configuration table for excluded `source_publishing_division` values,medium,medium,34,f65a9149-93b4-4aa9-aef6-d12002853222,hardcoded_variable,1.0,'Medium Rare Content Agency',,,,
categories,"[""'Audio (Targeted)'"", ""'Audio (Non-Targeted)'"", ""'Events (Non-Targeted)'"", ""'Events (Targeted)'"", ""'Rich Media (Non-Targeted)'"", ""'Rich Media (Targeted)'"", ""'Social Display (Targeted)'"", ""'Social Display (Non-Targeted)'"", ""'Standard Display (Targeted)'"", ""'Standard Display (Non-Targeted)'"", ""'TTIV (Targeted)'"", ""'TTIV (Non-Targeted)'"", ""'Content Discovery (Non-Targeted)'"", ""'Content Discovery (Targeted)'"", ""'Native (Non-Targeted)'"", ""'Native (Targeted)'""]",fin_adtype_name filters across all queries,join to a `fin_adtype_name_lookup` table or use a parameter for ad type categories,high,high,34,f65a9149-93b4-4aa9-aef6-d12002853222,hardcoded_variable,16.0,"'Audio (Targeted)', 'Audio (Non-Targeted)', 'Events (Non-Targeted)', 'Events (Targeted)', 'Rich Media (Non-Targeted)', 'Rich Media (Targeted)', 'Social Display (Targeted)', 'Social Display (Non-Targeted)', 'Standard Display (Targeted)', 'Standard Display (Non-Targeted)', 'TTIV (Targeted)', 'TTIV (Non-Targeted)', 'Content Discovery (Non-Targeted)', 'Content Discovery (Targeted)', 'Native (Non-Targeted)', 'Native (Targeted)'",,,,
,,financial_year filter,,high,,35,a17622e2-ad43-49cc-b3c5-19c95036fd14,hardcoded_date,,,2025,2025,replace with parameter or relative financial year function,high
,,financial_month filter (October),,high,,35,a17622e2-ad43-49cc-b3c5-19c95036fd14,hardcoded_date,,,10,10.000000,replace with parameter or relative financial month function,high
lookup_codes,"[""'Booked'"", ""'Billed'""]",revenue_transaction_status filter,join to a transaction_status_lookup table,medium,medium,35,a17622e2-ad43-49cc-b3c5-19c95036fd14,hardcoded_variable,2.0,"'Booked', 'Billed'",,,,
business_rules,"[""'Medium Rare Content Agency'""]",source_publishing_division exclusion filter,manage excluded divisions in a configuration table,medium,medium,35,a17622e2-ad43-49cc-b3c5-19c95036fd14,hardcoded_variable,1.0,'Medium Rare Content Agency',,,,
lookup_codes,"[""'Print'"", ""'Digital'""]",revenue_type filter,join to a revenue_type_lookup table,medium,medium,35,a17622e2-ad43-49cc-b3c5-19c95036fd14,hardcoded_variable,2.0,"'Print', 'Digital'",,,,
lookup_codes,"[""'Programmatic Source'"", ""'Print'"", ""'Digital'""]",revenue_group_subtype filter,join to a revenue_group_subtype_lookup table,medium,medium,35,a17622e2-ad43-49cc-b3c5-19c95036fd14,hardcoded_variable,3.0,"'Programmatic Source', 'Print', 'Digital'",,,,
lookup_codes,"[""'4039072'""]",account_number filter,replace with parameter or lookup from a customer/account master table,high,high,35,a17622e2-ad43-49cc-b3c5-19c95036fd14,hardcoded_variable,1.0,'4039072',,,,
,,Used as a fixed 'current date' for YTD calculations in Query 1.,,high,,36,fed70b12-c274-4cde-9920-592ca4c4dab0,hardcoded_date,,,23/05/2025,2025-05-23 01:19:32.916346+00,Replace with `CURRENT_DATE('Australia/Sydney')` or a dashboard date parameter.,high
,,Used as a fixed 'current date' for YTD calculations in Query 2.,,high,,36,fed70b12-c274-4cde-9920-592ca4c4dab0,hardcoded_date,,,22/06/2025,2025-06-22 22:46:58.786738+00,Replace with `CURRENT_DATE('Australia/Sydney')` or a dashboard date parameter.,high
business_rules,"[""'FY'""]","Used in `CASE WHEN ('FY' = 'FY')` which is always true, making the conditional logic redundant.",Remove redundant `CASE` statements.,low,low,36,fed70b12-c274-4cde-9920-592ca4c4dab0,hardcoded_variable,1.0,'FY',,,,
thresholds,['-12'],Threshold for `relative_fy_month_offset` to determine if a period is 'more than a year ago' for YTD calculation.,Consider externalizing such thresholds if they are subject to change or vary by business unit.,medium,medium,36,fed70b12-c274-4cde-9920-592ca4c4dab0,hardcoded_variable,1.0,-12,,,,
thresholds,['6'],"Threshold for `financial_month` to adjust month numbers (e.g., `financial_month - 6` or `+ 6`).",Externalize this adjustment logic to a configuration table if the financial year start is variable.,medium,medium,36,fed70b12-c274-4cde-9920-592ca4c4dab0,hardcoded_variable,1.0,6,,,,
categories,"[""'PROGRAMMATIC EXCHANGE'""]",Used to filter out specific revenue subtypes.,Manage excluded revenue types in a reference table or parameter.,medium,medium,36,fed70b12-c274-4cde-9920-592ca4c4dab0,hardcoded_variable,1.0,'PROGRAMMATIC EXCHANGE',,,,
lookup_codes,"[""'Jan'"", ""'Feb'"", ""'Mar'"", ""'Apr'"", ""'May'"", ""'Jun'"", ""'Jul'"", ""'Aug'"", ""'Sep'"", ""'Oct'"", ""'Nov'"", ""'Dec'""]",Mapping month short names to month numbers.,Use a date dimension table or built-in date functions for month number extraction.,low,low,36,fed70b12-c274-4cde-9920-592ca4c4dab0,hardcoded_variable,12.0,"'Jan', 'Feb', 'Mar', 'Apr', 'May', 'Jun', 'Jul', 'Aug', 'Sep', 'Oct', 'Nov', 'Dec'",,,,
lookup_codes,"[""'Q1'"", ""'Q2'"", ""'Q3'"", ""'Q4'""]",Mapping financial months to financial quarters.,Manage financial quarter definitions in a date dimension or configuration table.,medium,medium,36,fed70b12-c274-4cde-9920-592ca4c4dab0,hardcoded_variable,4.0,"'Q1', 'Q2', 'Q3', 'Q4'",,,,
categories,"[""'Current Week'""]",Label for the current financial week.,"Can be kept as a display label, but the underlying logic for 'current week' should be dynamic.",low,low,36,fed70b12-c274-4cde-9920-592ca4c4dab0,hardcoded_variable,1.0,'Current Week',,,,
,,"Used as a fixed 'report as of' date (clmn0_) and then for calculating a date 365 days prior (clmn11_) for revenue logic. This date is in the future relative to current date, but likely represents a specific FY end or reporting period for FY25.",,high,,37,9269e9c6-1ad0-4415-96c3-aca8a710ba01,hardcoded_date,,,23/06/2025,2025-06-23 10:00:32.354880+00,"Replace with CURRENT_DATE() or a dashboard parameter (e.g., @report_date) to make the dashboard dynamic and relevant to the current financial period.",high
lookup_codes,"[""'Jul Q1 H1'""]",Filter for a specific composite quarter/half-year string (clmn11_).,"Use date parameters to derive the current quarter/half-year dynamically, or join to a date dimension table.",high,high,37,9269e9c6-1ad0-4415-96c3-aca8a710ba01,hardcoded_variable,1.0,'Jul Q1 H1',,,,
lookup_codes,"[""'DOUBLECLICK'""]",Exclusion filter for advertiser_parent (clmn1_ != 'DOUBLECLICK').,Manage excluded advertisers in a configuration table or parameter.,medium,medium,37,9269e9c6-1ad0-4415-96c3-aca8a710ba01,hardcoded_variable,1.0,'DOUBLECLICK',,,,
business_rules,"['0', '1']",Used for `relative_fy_year_offset` to identify current (0) and previous (1) financial years.,"These are likely standard, but could be mapped to descriptive labels in a lookup table if needed for clarity or future changes.",low,low,37,9269e9c6-1ad0-4415-96c3-aca8a710ba01,hardcoded_variable,2.0,"0, 1",,,,
lookup_codes,"[""'DIGITAL'""]",Filters for `revenue_group_subtype` and `revenue_type`.,Manage revenue types/subtypes in a governed reference table.,medium,medium,37,9269e9c6-1ad0-4415-96c3-aca8a710ba01,hardcoded_variable,1.0,'DIGITAL',,,,
lookup_codes,"[""'Digital Other'""]",Filter for `sales_segment_l_2_name_sync`.,Manage sales segments in a governed reference table.,medium,medium,37,9269e9c6-1ad0-4415-96c3-aca8a710ba01,hardcoded_variable,1.0,'Digital Other',,,,
lookup_codes,"[""'OUTSTREAM'"", ""'XTEND'"", ""'EDMEDIA'"", ""'ECOMMERCE'""]",Specific `unified_publication_name` types used in revenue calculation logic.,Manage publication types in a governed reference table.,medium,medium,37,9269e9c6-1ad0-4415-96c3-aca8a710ba01,hardcoded_variable,4.0,"'OUTSTREAM', 'XTEND', 'EDMEDIA', 'ECOMMERCE'",,,,
lookup_codes,"[""'Consortium QLD'""]",Filter for `sales_segment_l_2_name`.,Manage sales segments in a governed reference table.,high,high,37,9269e9c6-1ad0-4415-96c3-aca8a710ba01,hardcoded_variable,1.0,'Consortium QLD',,,,
business_rules,"[""'$'"", ""'$\\'000'""]",Conditional logic to determine if revenue should be displayed in thousands or as raw values. This is a display concern embedded in the calculation.,"This logic should be handled at the presentation layer (Looker Studio field settings) or via a dashboard parameter, not hardcoded in the SQL query.",high,high,37,9269e9c6-1ad0-4415-96c3-aca8a710ba01,hardcoded_variable,2.0,"'$', '$\'000'",,,,
lookup_codes,"[""'GAD RAM A1'"", ""'HBT RAM A1'"", ""'VIC DIRECT A7'"", ""'VIC DIRECT A8'"", ""'VIC DIRECT A9'""]",Used in a WHERE IN clause to filter 'portfolio_conformed_name_sync'. This is likely for a specific filter selection in the dashboard.,"These values should ideally be managed in a reference table (e.g., `dim_portfolio`) and joined, or passed as a parameter from the dashboard UI.",medium,medium,38,80ca81f3-0671-40ef-a0a9-825a1580ca1b,hardcoded_variable,5.0,"'GAD RAM A1', 'HBT RAM A1', 'VIC DIRECT A7', 'VIC DIRECT A8', 'VIC DIRECT A9'",,,,
,,used as a specific fiscal week filter in dv_tm1_pbf_subscriptions query,,high,,39,23c8b213-a9f0-4158-b8fa-bff14425abb5,hardcoded_date,,,202535,Integer (Fiscal Week ID),"replace with a Looker Studio date parameter or relative fiscal week calculation (e.g., CURRENT_FISCAL_WEEK_ID())",high
business_rules,"[""'2025'"", ""'2024'""]",Financial years used for filtering data in multiple queries.,"Replace with Looker Studio date parameters or relative date functions (e.g., `EXTRACT(YEAR FROM CURRENT_DATE())` and `EXTRACT(YEAR FROM DATE_SUB(CURRENT_DATE(), INTERVAL 1 YEAR))`) to ensure dynamic updates and reduce maintenance.",high,high,40,3ee20092-1897-49b7-8bcd-4157d5f816eb,hardcoded_variable,2.0,"'2025', '2024'",,,,
lookup_codes,"[""'SUNDRY ADSALES OVERLAY'""]",Specific revenue group subtype used for filtering in one query.,"Store revenue group subtypes in a governed reference table and join to it, or use a Looker Studio parameter for user selection to allow dynamic filtering and maintain data consistency.",medium,medium,40,3ee20092-1897-49b7-8bcd-4157d5f816eb,hardcoded_variable,1.0,'SUNDRY ADSALES OVERLAY',,,,
business_rules,"['47', '48', '49', '50', '51', '52']","Specific financial weeks excluded from analysis in one query, likely representing year-end or holiday periods.","Manage excluded weeks in a dedicated calendar or configuration table, allowing for easier updates, transparency of business rules, and consistency across reports.",medium,medium,40,3ee20092-1897-49b7-8bcd-4157d5f816eb,hardcoded_variable,6.0,"47, 48, 49, 50, 51, 52",,,,
,,used as a filter for financial year,,high,,41,d4d68a71-2b12-4caf-bc6b-96fc2d18a025,hardcoded_date,,,2025,'2025',"replace with Looker Studio parameter or relative year (e.g., EXTRACT(YEAR FROM CURRENT_DATE()) + 1)",high
,,used as an exclusion filter for financial year,,high,,41,d4d68a71-2b12-4caf-bc6b-96fc2d18a025,hardcoded_date,,,2024,'2024',"replace with Looker Studio parameter or relative year (e.g., EXTRACT(YEAR FROM CURRENT_DATE()))",high
categories,"[""'Feb'"", ""'Mar'"", ""'Apr'"", ""'May'"", ""'Jun'"", ""'Jul'"", ""'Aug'"", ""'Sep'""]",financial month filters,use Looker Studio dropdown parameter for month selection,high,high,41,d4d68a71-2b12-4caf-bc6b-96fc2d18a025,hardcoded_variable,8.0,"'Feb', 'Mar', 'Apr', 'May', 'Jun', 'Jul', 'Aug', 'Sep'",,,,
lookup_codes,"[""'NSW IA C3'""]",portfolio name filter,use Looker Studio dropdown parameter for portfolio selection,high,high,41,d4d68a71-2b12-4caf-bc6b-96fc2d18a025,hardcoded_variable,1.0,'NSW IA C3',,,,
lookup_codes,"[""'Marley-Kale Kentia'""]",employee name filter,use Looker Studio dropdown parameter for employee selection,high,high,41,d4d68a71-2b12-4caf-bc6b-96fc2d18a025,hardcoded_variable,1.0,'Marley-Kale Kentia',,,,
lookup_codes,"[""'Australian Meat Processor Corporation'"", ""'Australian Pork'"", ""'CMC Markets'"", ""'Coco Republic'"", ""'Dry July Limited'"", ""'Fred Hollows Foundation'"", ""'LGT Crestone'""]",advertiser name filter,use Looker Studio dropdown parameter for advertiser selection,high,high,41,d4d68a71-2b12-4caf-bc6b-96fc2d18a025,hardcoded_variable,7.0,"'Australian Meat Processor Corporation', 'Australian Pork', 'CMC Markets', 'Coco Republic', 'Dry July Limited', 'Fred Hollows Foundation', 'LGT Crestone'",,,,
lookup_codes,"[""'Vogue Australia'""]",unified publication name filter,use Looker Studio dropdown parameter for publication selection,high,high,41,d4d68a71-2b12-4caf-bc6b-96fc2d18a025,hardcoded_variable,1.0,'Vogue Australia',,,,
business_rules,"[""'Fin'"", ""'Curr'""]","static conditions in CASE WHEN for dynamic dimension selection (e.g., 'Fin' vs 'Calendar' year/month, 'Current' vs 'Sync' portfolio)",replace with Looker Studio parameters to allow user selection of financial/calendar or current/sync views,high,high,41,d4d68a71-2b12-4caf-bc6b-96fc2d18a025,hardcoded_variable,2.0,"'Fin', 'Curr'",,,,
,,Used as baseline date in DATETIME_DIFF calculation for week number. This is likely the start of the fiscal year.,,high,,42,57d87efe-c112-4d42-be1b-045f0c8ca73e,hardcoded_date,,,03/07/2024,2024-07-03T00:00:00,"Replace with a parameter (e.g., @fiscal_year_start_date) or a dynamic calculation based on CURRENT_DATE() and fiscal year rules.",high
,,Used as the 'current' report date for week number calculations in Query 1 and 2. This is a future date.,,high,,42,57d87efe-c112-4d42-be1b-045f0c8ca73e,hardcoded_date,,,30/03/2025,2025-03-30 22:32:24.807251+00,"Replace with CURRENT_DATE() or a parameter (e.g., @report_date) to reflect the actual reporting period.",high
,,Used as the 'current' report date for week number calculations in Query 3. This is a future date.,,high,,42,57d87efe-c112-4d42-be1b-045f0c8ca73e,hardcoded_date,,,10/02/2025,2025-02-10 00:11:05.853262+00,"Replace with CURRENT_DATE() or a parameter (e.g., @report_date) to reflect the actual reporting period.",high
lookup_codes,"[""'TA'"", ""'DT'"", ""'HS'"", ""'WT'"", ""'GA'"", ""'CM'"", ""'CP'"", ""'TB'"", ""'TC'"", ""'GC'"", ""'TM'"", ""'NT'"", ""'AA'""]",Masthead codes hardcoded in CASE statements for display names and groupings.,"Join to a `masthead_lookup` or `dim_masthead` table that contains codes, display names, and group classifications.",high,high,42,57d87efe-c112-4d42-be1b-045f0c8ca73e,hardcoded_variable,13.0,"'TA', 'DT', 'HS', 'WT', 'GA', 'CM', 'CP', 'TB', 'TC', 'GC', 'TM', 'NT', 'AA'",,,,
business_rules,"['2025', '2024']","Fiscal year filters (e.g., `fy_year = 2025`, `fy_year = 2024`) are hardcoded.","Use dynamic fiscal year calculations (e.g., `EXTRACT(YEAR FROM CURRENT_DATE())` or a fiscal calendar dimension) or parameters.",medium,medium,42,57d87efe-c112-4d42-be1b-045f0c8ca73e,hardcoded_variable,2.0,"2025, 2024",,,,
business_rules,"['0', '1', '2', '3', '4', '5', '48', '49', '50', '51', '52']","Specific week numbers (e.g., `fy_week_of_year = 37`, `fy_week_of_year BETWEEN 26 AND 31`, `fy_week_of_year >= 48`) and day of week thresholds (`<= 2`, `<= 5`) are hardcoded.",Use parameters for week ranges or dynamic calculations based on the report date and fiscal calendar rules.,medium,medium,42,57d87efe-c112-4d42-be1b-045f0c8ca73e,hardcoded_variable,11.0,"0, 1, 2, 3, 4, 5, 48, 49, 50, 51, 52",,,,
categories,"[""'States and Community'"", ""'The Australian and Prestige'"", ""'Metro'"", ""'Regionals'""]",Masthead group names are hardcoded in CASE statements.,Manage these categories in a lookup table associated with mastheads.,low,low,42,57d87efe-c112-4d42-be1b-045f0c8ca73e,hardcoded_variable,4.0,"'States and Community', 'The Australian and Prestige', 'Metro', 'Regionals'",,,,
business_rules,"['(0 = 1)', '(0 = 2)', '(0 = 3)', '(0 = 4)', '(0 = 5)']","Boolean conditions that are always false, likely placeholders for dynamic week filters that are currently inactive or set to 'All'.","Implement dynamic filter logic using parameters or conditional SQL that omits the filter when 'All' is selected, rather than using always-false conditions.",low,medium,42,57d87efe-c112-4d42-be1b-045f0c8ca73e,hardcoded_variable,5.0,"(0 = 1), (0 = 2), (0 = 3), (0 = 4), (0 = 5)",,,,
lookup_codes,"[""'03'""]",Used to filter and conditionally aggregate 'amount' and 'volume' based on the first two characters of 'revenue_type'.,Replace with a join to a 'revenue_type_master' table that defines revenue type categories.,high,high,43,f7a9efeb-df3c-45c9-899d-0bcada701572,hardcoded_variable,1.0,'03',,,,
business_rules,"[""'Circulation'"", ""'Estimate'"", ""'RCTI'"", ""'THINK'"", ""'DTI'""]","Used as filters for 'source_system_name', 'scenario', and 'sub_source_system_name' in the 'finance_operating_statement' table to determine the latest snapshot time.",Define these filter values in a configuration table or a governed lookup table for system parameters.,medium,medium,43,f7a9efeb-df3c-45c9-899d-0bcada701572,hardcoded_variable,5.0,"'Circulation', 'Estimate', 'RCTI', 'THINK', 'DTI'",,,,
other,"[""'Australia/Sydney'""]",Timezone specification for DATETIME conversion of load timestamps.,Parameterize the timezone or use a system-wide default configuration.,low,low,43,f7a9efeb-df3c-45c9-899d-0bcada701572,hardcoded_variable,1.0,'Australia/Sydney',,,,
,,"Used to filter fiscal year in all queries: `LEFT(CAST(fiscal_week_id AS string), 4) IN ('2025')`",,high,,44,c441950c-1e3f-432c-9838-847d1d315b9e,hardcoded_date,,,2025,string '2025',Replace with `EXTRACT(YEAR FROM CURRENT_DATE())` or a date parameter for fiscal year selection.,high
,,Specific fiscal week IDs used in Query 1's WHERE clause.,,medium,,44,c441950c-1e3f-432c-9838-847d1d315b9e,hardcoded_date,,,"202541, 202542, 202543, 202544, 202545",integer list,"Replace with a date range parameter (e.g., start_date, end_date) and derive fiscal weeks dynamically, or use a multi-select parameter in Looker Studio.",medium
,,Specific fiscal week IDs used in Query 2's WHERE clause.,,medium,,44,c441950c-1e3f-432c-9838-847d1d315b9e,hardcoded_date,,,"202533, 202534, 202535, 202536, 202537, 202538, 202539, 202540",integer list,"Replace with a date range parameter (e.g., start_date, end_date) and derive fiscal weeks dynamically, or use a multi-select parameter in Looker Studio.",medium
categories,"[""'Sun'""]",Specific day of week filter in Query 1's WHERE clause.,Use a parameter for day of week selection.,low,low,44,c441950c-1e3f-432c-9838-847d1d315b9e,hardcoded_variable,1.0,'Sun',,,,
categories,"[""'DRAW'"", ""'RETURNS'"", ""'ADJUSTMENT'""]",Charge types used in CASE statements for volume calculations in Query 1.,"These seem like valid business categories, but if they change frequently, they could be managed in a reference table.",low,low,44,c441950c-1e3f-432c-9838-847d1d315b9e,hardcoded_variable,3.0,"'DRAW', 'RETURNS', 'ADJUSTMENT'",,,,
lookup_codes,"[""'500'"", ""'560'"", ""'100'"", ""'400'"", ""'402'"", ""'9504'"", ""'9505'"", ""'110'"", ""'116'"", ""'350'"", ""'670'"", ""'180'"", ""'156'"", ""'301'"", ""'303'"", ""'5003'"", ""'850'"", ""'852'"", ""'961'"", ""'963'"", ""'158'"", ""'Post Courier'"", ""'5024'"", ""'9514'"", ""'9515'"", ""'5053'"", ""'450'"", ""'475'"", ""'9560'"", ""'9556'"", ""'305'""]",GL Publication Codes mapped to `derived_publication_type` in Query 2's CASE statement.,Create and join to a `gl_publication_lookup` table containing `gl_publication_code` and `derived_publication_type`.,high,high,44,c441950c-1e3f-432c-9838-847d1d315b9e,hardcoded_variable,31.0,"'500', '560', '100', '400', '402', '9504', '9505', '110', '116', '350', '670', '180', '156', '301', '303', '5003', '850', '852', '961', '963', '158', 'Post Courier', '5024', '9514', '9515', '5053', '450', '475', '9560', '9556', '305'",,,,
categories,"[""'ADV'"", ""'AUS'"", ""'CM'"", ""'Delicious'"", ""'Delicious Specials'"", ""'DT'"", ""'GAD'"", ""'GCB'"", ""'Group Shared Services'"", ""'Hobart Print Services'"", ""'HS'"", ""'MDM'"", ""'MERCURY'"", ""'NTN'"", ""'Perth Print Services'"", ""'Post Courier'"", ""'SC'"", ""'Taste'"", ""'TCHRN'"", ""'TCP'"", ""'TVB'"", ""'Vogue'"", ""'Vogue Living'"", ""'WT'"", ""'Other'""]",Derived publication type categories in Query 2's CASE statement.,These are the target values of the `gl_publication_code` lookup; they should be defined in the `gl_publication_lookup` table.,high,high,44,c441950c-1e3f-432c-9838-847d1d315b9e,hardcoded_variable,25.0,"'ADV', 'AUS', 'CM', 'Delicious', 'Delicious Specials', 'DT', 'GAD', 'GCB', 'Group Shared Services', 'Hobart Print Services', 'HS', 'MDM', 'MERCURY', 'NTN', 'Perth Print Services', 'Post Courier', 'SC', 'Taste', 'TCHRN', 'TCP', 'TVB', 'Vogue', 'Vogue Living', 'WT', 'Other'",,,,
categories,"[""'Subscriptions'""]",Sales channel filter in Query 2's WHERE clause.,Use a parameter for sales channel selection or manage valid sales channels in a reference table.,low,low,44,c441950c-1e3f-432c-9838-847d1d315b9e,hardcoded_variable,1.0,'Subscriptions',,,,
categories,"[""'DT'""]",Derived publication type filter in Query 2's WHERE clause.,Use a parameter for derived publication type selection.,low,low,44,c441950c-1e3f-432c-9838-847d1d315b9e,hardcoded_variable,1.0,'DT',,,,
,,start date for subscription movement analysis,,high,,45,6e8b534b-485a-48dd-842d-13dc6bebb01a,hardcoded_date,,,01/07/2024,DATE '2024-07-01',"replace with a dashboard date parameter or relative date function (e.g., DATE_SUB(CURRENT_DATE(), INTERVAL 60 DAY))",high
,,end date (exclusive) for subscription movement analysis,,high,,45,6e8b534b-485a-48dd-842d-13dc6bebb01a,hardcoded_date,,,19/08/2024,DATE '2024-08-19',"replace with a dashboard date parameter or relative date function (e.g., CURRENT_DATE())",high
lookup_codes,"[""'SC'""]",masthead filter for SuperCoach,"if 'SC' is a dynamic value, it should be a parameter; otherwise, ensure it's documented as a fixed business rule.",medium,medium,45,6e8b534b-485a-48dd-842d-13dc6bebb01a,hardcoded_variable,1.0,'SC',,,,
lookup_codes,"[""'acquisition'""]",subscription movement type filter,"if other movement types are relevant, this should be a parameter; otherwise, document as a fixed business rule.",medium,medium,45,6e8b534b-485a-48dd-842d-13dc6bebb01a,hardcoded_variable,1.0,'acquisition',,,,
lookup_codes,"[""'SC_SDO_AP24AM12'"", ""'SC_SDO_AP20AM12'""]",specific rate plan codes for filtering,"these should ideally be managed in a reference table (e.g., `rate_plan_master`) or be configurable parameters if they change frequently.",high,high,45,6e8b534b-485a-48dd-842d-13dc6bebb01a,hardcoded_variable,2.0,"'SC_SDO_AP24AM12', 'SC_SDO_AP20AM12'",,,,
business_rules,['2452260'],specific subscriber ID filter,"this is highly specific; if it represents a test user or a specific case, it should be clearly documented. For general analysis, this should be a parameter or removed.",medium,medium,45,6e8b534b-485a-48dd-842d-13dc6bebb01a,hardcoded_variable,1.0,2452260,,,,
lookup_codes,"[""'CS'""]","source masthead filter (SUBSTR(sold_in_source_code, 1, 2))","if 'CS' is a specific source, it should be managed in a reference table or be a configurable parameter.",medium,medium,45,6e8b534b-485a-48dd-842d-13dc6bebb01a,hardcoded_variable,1.0,'CS',,,,
