dashboard_id,dashboard_name,primary_data_sources,business_domain,complexity_score,consolidation_score,total_metrics_identified,date_grain,data_grain,key_dimensions,date_range_detected,hardcoded_dates_found,hardcoded_values_found,governance_opportunities,response_id,data_sources_list,data_sources_count,hardcoded_dates_count,hardcoded_values_count,governance_opportunities_count
d7412673-0af1-4efe-8374-ca475b001fb6,Finance OS datasource template report,ncau-data-newsquery-prd.asl_finance.v_asl_FCT_finance_os_aggregated;ncau-data-newsquery-prd.asl_finance.v_asl_DIM_os_publication_hierachy;ncau-data-newsquery-prd.asl_finance.v_asl_DIM_calendar;ncau-data-newsquery-prd.asl_finance.v_asl_DIM_period_control;ncau-data-newsquery-prd.asl_finance.v_asl_DIM_gl_department,finance,7,8,2,weekly,aggregate,"['fy_year', 'source_system_name', 'fiscal_week_id', 'gl_publication_code', 'day_of_week', 'state', 'os_level_1', 'os_level_2', 'os_level_3', 'os_level_4', 'os_level_5', 'os_level_6', 'os_level_7', 'os_level_8', 'os_level_9', 'os_level_10', 'os_level_11', 'os_level_12', 'department_code', 'period_name']",Relative to Current Period ('CP') and Prior Year ('PY') based on `v_asl_DIM_period_control`,[],"[""'CP'"", ""'PY'""]","[""Period types ('CP', 'PY') should be managed via a configuration table or user input rather than hardcoded in the query."", 'The `calender_table` CTE is defined but unused in the provided queries and should be removed if not needed.']",0,"['ncau-data-newsquery-prd.asl_finance.v_asl_FCT_finance_os_aggregated', 'ncau-data-newsquery-prd.asl_finance.v_asl_DIM_os_publication_hierachy', 'ncau-data-newsquery-prd.asl_finance.v_asl_DIM_calendar', 'ncau-data-newsquery-prd.asl_finance.v_asl_DIM_period_control', 'ncau-data-newsquery-prd.asl_finance.v_asl_DIM_gl_department']",5,0,2,2
6f1c8731-02da-464f-b146-bf2947860735,Programmatic Sales_NQ Data,ncau-data-newsquery-prd.prstn_advertising.programmatic_fin_month,advertising,7,4,4,monthly,aggregate,"['Advertiser', 'PortfolioParentGroup', 'PortfolioChildGroup', 'TransactionType', 'FinancialYear', 'FinancialQuarter', 'FinancialMonthNumber']",Financial Year 2025 Q4 and prior (up to 26/06/2025),['26/06/2025'],"[""'INDEPENDENT AGENCIES NSW'"", ""'Guaranteed'"", ""'FY2025 - Q4'"", ""'CONSORTIUM VIC'"", ""'Deal'"", ""'VIC CON B3'"", ""'VIC CON B2'"", ""'VIC CON B1'"", 'CASE WHEN (FinancialMonthNumber = 1) THEN 7 ... ELSE NULL END']","['Dates should be parameterized or use relative date functions (e.g., CURRENT_DATE())', ""Financial periods (e.g., 'FY2025 - Q4') should be dynamic or parameterized"", ""Business unit/group names (e.g., 'INDEPENDENT AGENCIES NSW', 'CONSORTIUM VIC', 'VIC CON B3') should use a governed lookup table"", ""Transaction types (e.g., 'Guaranteed', 'Deal') should use a governed lookup table"", ""Month remapping logic should be externalized to a configuration table or UDF if it's a common business rule""]",1,['ncau-data-newsquery-prd.prstn_advertising.programmatic_fin_month'],1,1,9,5
52c11c9c-052a-4e45-9cda-8fecd87d7964,Team Sales Performance - FY26 (Interim)(with Pluto Reporting Date),ncau-data-newsquery-prd.asl_advertising.adsales_revenue_performance_daily;ncau-data-newsquery-prd.asl_finance_derived.adsales_performance,sales,8,7,10,daily,transactional,"['adtype_l1', 'fin_adtype_name', 'revenue_type', 'revenue_group_subtype', 'unified_publication_name', 'advertiser_parent', 'booking_line_created_date', 'financial_year', 'financial_quarter', 'financial_month', 'financial_week', 'calendar_year', 'calendar_month_name', 'calendar_week', 'Sales_Group', 'sales_segment_l_1_name', 'sales_segment_l_2_name', 'advertiser_group', 'advertiser_name', 'portfolio_group_name_sync', 'portfolio_group_name_current', 'portfolio_parent_group_name_sync', 'GSD', 'anzsic_industry_level_1_name', 'product_group', 'publishing_division', 'agency_group', 'cost_model_type', 'revenue_transaction_status']","Current FY, Previous FY, Next FY (Fiscal) and Current CY, Previous CY (Calendar)",['08/05/2025'],"['Admin.ADV', 'Admin.DTM', 'Admin.HWT', 'Admin.International', 'Admin.Sales', 'Admin.Sport', 'Admin.TCM', 'Bestrecipes.Admin', 'Bodyandsoul.Admin', 'CODE', 'CodeBet', 'Delicious.admin', 'Escape.Admin', 'GQ.Admin', 'Kidspot.Admin', 'National Sundry', 'National Tabloid PrePrint', 'News.Admin', 'odds.com.au', 'Punters.com.au', 'Qantas Travel Insider', 'RACENET', 'Shortlyster Managed Service', 'Sky News', 'SKYNEWS.ADMIN', 'Stellar.Admin', 'Stockhead', 'SUDDENLY.CW', 'SUDDENLY.NORTH', 'SUDDENLY.TGG', 'Taste.Admin', 'TAUS.ADMIN', 'The Sunday Times', 'TOOWOOMBACUSTOM', 'Vogue.Admin', 'Vogueliving.Admin', 'MRCA', 'DOUBLECLICK', 'PLUTO', 'VACANT', 'PRINT', 'DIGITAL', 'PROGRAMMATIC', 'PROGRAMMATIC EXCHANGE', 'PROGRAMMATIC SOURCE', 'SUNDRY ADSALES OVERLAY', 'XTEND', 'ADPT DIGITAL', 'SUNDRY', 'PROGRAMMATIC - GUARANTEED', 'PROGRAMMATIC - OPEN EXCHANGE', 'PROGRAMMATIC - PMP', 'PROGRAMMATIC - DIGITAL OTHER', 'OUTSTREAM', 'EDMEDIA', 'ECOMMERCE', '17114', '29172', '52809', '-', 'BILLED', 'BOOKED', 'ROP COMPOSITE', 'MEDIUM RARE CONTENT AGENCY', '$']","['Dates should be parameterised or use relative functions consistently', 'Publication lists should be managed in a reference table', 'Advertiser IDs should be managed in a reference table', 'Sales segment names should be managed in a reference table', 'Revenue type classifications should be managed in a reference table', 'Currency display format should be a dashboard parameter', ""Default values like 'VACANT' should be handled via data governance rules or configuration.""]",2,"['ncau-data-newsquery-prd.asl_advertising.adsales_revenue_performance_daily', 'ncau-data-newsquery-prd.asl_finance_derived.adsales_performance']",2,1,65,7
a1b901e6-c4fb-44bc-955a-3a7070c15829,Revenue Movement,ncau-data-newsquery-prd.asl_finance_derived.revenue_movement,finance,7,6,6,daily,transactional,"['movement_date', 'financial_year', 'advertiser_parent', 'portfolio_parent_group_name_sync', 'revenue_type', 'revenue_category']",29/05/2025 to 23/06/2025,"['29/05/2025', '23/06/2025']","[""'2025'"", ""'Y'"", ""'Nah'"", ""'DIGITAL OTHER'"", ""'PRO'"", ""'DIGITAL'"", ""'SUNDRY'"", ""'PRINT'"", ""'CONSORTIUM SA'"", ""'DIRECT SA WA'"", ""'CONSORTIUM NSW'"", ""'QLD IA C2'""]","['dates should be parameterised', 'revenue categories should use a lookup table', 'portfolio names should use a hierarchy/lookup table']",3,['ncau-data-newsquery-prd.asl_finance_derived.revenue_movement'],1,2,12,3
e83da1de-4227-43e6-bcc6-73051c66914b,Ad Events Dashboard,ncau-data-newsquery-prd.asl_advertising.v_adsales_revenue_client,advertising,7,8,9,monthly,aggregate,"['financial_year', 'fy_year_month_number', 'financial_short_month', 'revenue_transaction_status', 'adsize_name', 'booking_name', 'ad_size_category']","Fiscal Year relative offset (-1, 0, 1) and hardcoded '2025'","['2025', '202501', '202502', '202503']","[""'Future Bradfield 2024'"", ""'Sydney & Brisbane Future Series'"", ""'Future Bradfield FY25 B1'"", ""'Future Sydney Bradfield 2024'"", ""'event sponsorship'"", ""'production'""]","['dates should be parameterised', 'booking names should use a lookup table', 'ad size categories should be defined in a configuration table']",4,['ncau-data-newsquery-prd.asl_advertising.v_adsales_revenue_client'],1,4,6,3
52dd1ac1-19b5-4695-a7e6-632ef7a9dba3,Consumer Finance Landing Page,ncau-data-newsquery-prd.asl_finance_derived.digital_subscriptions,finance,2,6,3,none,transactional,['scenario'],,[],"[""''""]","[""Investigate the purpose of the hardcoded empty string ('') in dimension selection; if it represents a category, it should be replaced with a meaningful value or a parameter.""]",5,['ncau-data-newsquery-prd.asl_finance_derived.digital_subscriptions'],1,0,1,1
601ed0d2-e944-4189-8170-d593c8e72026,Adex,`ncau-data-newsquery-prd`.sbx_dcp.adex_datasource,advertising,8,4,10,daily,transactional,"['date', 'Advertiser', 'Major_Category', 'Media_Network', 'Category', 'Sub_Category', 'portfolio_parent_group_name', 'calendar_year', 'calendar_month_short_name', 'financial_year', 'time_period_type', 'quarter_period', 'year_month_key']","Dynamic (relative to latest_date in data, typically last 2 years for 'Rolling 12 months' and 'ly' comparison)",[],"[""'Rolling 12 months'"", ""'Calendar Year'"", ""'Financial Year'"", ""'Q1'"", ""'Q2'"", ""'Q3'"", ""'Q4'"", ""'ty'"", ""'ly'"", ""'NEWS CORP'"", ""'youtube'"", ""'facebook'"", ""'KEY ACCOUNTS TRAVEL'"", ""'NT Dept Of Trade Business & Innovation'"", ""'NT Dept Of Chief Minister'"", ""'NT Dept Of Infrastructure Planning & Logistics'"", ""'NT Dept Of Industry Tourism & Trade'"", ""'NT Dept Of Education Employment & Training'"", ""'NT Dept Of Tourism & Culture'"", ""'NT Dept Of Transport'"", ""'NT Dept Of Attorney-General & Justice'"", ""'NT Dept Of Environment & Natural Resources'"", ""'NT Dept Of Lands Planning & The Environment'"", ""'NT Dept Of Health'"", ""'NT Dept Of Police Fire & Emergency Services'"", ""'NT Dept Of Business'"", ""'NT Dept Of Territory Families, Housing & Communities'"", ""'NT Dept Of Primary Industry & Resources'"", ""'NT Dept Of Environment Parks & Water Security'"", ""'NT Dept Of Corporate & Information Services'"", ""'$'"", ""'$\\'000'""]","[""Time period selection (e.g., 'Rolling 12 months') should be a dashboard parameter to allow dynamic selection."", 'Quarter definitions should be derived from a robust date dimension table or a governed business rule configuration instead of hardcoded month ranges.', ""Media Network names ('NEWS CORP', 'youtube', 'facebook') should be managed via a lookup table for consistency and ease of maintenance."", ""Advertiser names (e.g., 'NT Dept Of...') should be dynamically filtered or managed via a lookup table/parameter for flexible reporting."", ""Display format ('$' vs '$\\'000') should be handled by the visualization layer (Looker Studio's formatting options), not hardcoded in SQL."", 'The `fixed_publisher_count` and similar `fixed_` metrics are pre-aggregated and cross-joined, which might indicate a need for a pre-aggregated summary table or a more efficient window function approach if not already optimized for performance.']",6,['`ncau-data-newsquery-prd`.sbx_dcp.adex_datasource'],1,0,32,6
783f341c-8660-4e90-bab8-9bc860119cf5,Deals Dashboard,ncau-data-newsquery-prd.prstn_advertising.programmatic_weekly_master,advertising,7,6,7,monthly,aggregate,"['month_start_date', 'advertiser', 'buyer', 'source', 'source_transaction_type_upper', 'financial_period_label']",01/11/2024 to 01/06/2025 (derived date); 01/05/2025 to 01/12/2025 (original data),"['01/11/2024', '01/12/2024', '01/01/2025', '01/02/2025', '01/03/2025', '01/04/2025', '01/05/2025', '01/06/2025']","['AdX', 'AppNexus', 'DFP', 'Index Exchange', 'InSkin', 'Kargo', 'Playground XYZ', 'PubMatic', 'Rubicon', 'Tremor', 'DEAL', 'UFR', 'PG - CPD', 'PG - CPM', 'DIRECT', 'The Smith Family *', 'Kmart Corporation *', 'Target Corporation *', 'Myer *', 'FY25 Q2', 'FY25 Q3', 'FY25 Q4']","['dates should be parameterised', 'source codes should join to a reference table', 'transaction types should join to a reference table', 'advertiser names should join to a master advertiser dimension', 'financial periods should be derived dynamically or from a reference table']",7,['ncau-data-newsquery-prd.prstn_advertising.programmatic_weekly_master'],1,8,22,5
a8fe6bb0-3cbf-4d6e-8838-fa6e6dce447f,Pacing Dashboard,ncau-data-newsquery-prd.prstn_advertising.programmatic_fin_month;ncau-data-newsquery-prd.prstn_advertising.programmatic_cal_month,advertising,6,7,12,monthly,aggregate,"['FinancialYear', 'FinancialMonthNumber', 'Source', 'ProductType']",Current Month,[],"['1 (for CurrentMonthFlag)', ""'Kargo'"", ""'AdX'""]","['CurrentMonthFlag should be derived from date functions', 'Source values should be managed in a lookup table']",8,"['ncau-data-newsquery-prd.prstn_advertising.programmatic_fin_month', 'ncau-data-newsquery-prd.prstn_advertising.programmatic_cal_month']",2,0,3,2
5dae02f0-dc48-418c-bdf9-5e5d2b1d6e26,Optimizing Digital Subscriptions Report,ncau-data-newsquery-prd.asl_finance_derived.digital_subscriptions,finance,8,4,9,weekly,transactional,"['fiscal_week_month_string', 'recognition_type', 'masthead_group_broad', 'masthead_group_detailed', 'masthead_group_broader', 'email_bundle_flag', 'report_type_fct', 'cancellation_type', 'acquisition_type']","Not explicitly filtered in SQL, relies on Looker Studio date picker. Base date for week calculation: 03/07/2024. Date for day of week calculation: 23/03/2025.","['23/03/2025', '03/07/2024', '2025']","[""gl_publication_code IDs (e.g., '100', '402')"", ""masthead_code values (e.g., 'AP', 'NT')"", ""classification_level_1_description ('Standard Paid')"", ""classification_level_2_description ('The Oz')"", ""delivery_medium_type ('Print', 'Bundle')"", ""subscriber_has_email_flag ('subsnapfact', 'N')"", ""Masthead categories ('Metros', 'Regionals', 'Discontinued')"", ""Recognition types ('Digital Recognition')"", ""Fiscal month names ('July', 'August')"", ""Report types ('FCT', 'BUD')"", ""Cancellation/Acquisition types ('Gross Cancellations', 'Gross Acquisitions')""]","['Dates should be parameterized or use relative date functions (e.g., CURRENT_DATE())', 'Masthead categorization logic should be moved to a governed lookup table', 'Fiscal calendar definitions (week to month mapping) should be in a governed table or UDF', 'Report type and metric type labels should be managed as parameters or metadata, not hardcoded in SQL']",9,['ncau-data-newsquery-prd.asl_finance_derived.digital_subscriptions'],1,3,11,4
4d8074b2-17a8-48ba-babe-c536359b1f64,Final_Draft Adsales Performance Dashboard - FY25 20241127,ncau-data-newsquery-prd.asl_finance_derived.adsales_performance,sales,8,6,18,mixed,transactional,"['financial_year', 'financial_quarter', 'financial_short_month', 'revenue_type', 'sales_segment_l_2_name_sync', 'product_group', 'unified_publication_name', 'relative_fy_year_offset', 'relative_fy_month_offset']","Data spans multiple financial years (current, previous, next) relative to a hardcoded reference date of 2025-01-06.",['06/01/2025'],"[""'DOUBLECLICK'"", ""'Jul'"", ""'Aug'"", ""'Sep'"", ""'Oct'"", ""'Nov'"", ""'Dec'"", ""'Jan'"", ""'Feb'"", ""'Mar'"", ""'Apr'"", ""'May'"", ""'Jun'"", ""'N'"", '0 (relative_fy_week_offset)', '-1 (relative_fy_year_offset)', '0 (relative_fy_year_offset)', '1 (relative_fy_year_offset)', ""'DIGITAL'"", ""'Digital Other'"", '7 (divisor)', '1000 (divisor)', ""'Y'"", ""'XTEND'""]","['Dates should be parameterized or use relative date functions (e.g., CURRENT_DATE()).', 'Month names and their sorting order should be managed via a lookup table.', ""Categorical values like 'DOUBLECLICK', 'DIGITAL', 'Digital Other', 'XTEND' should be managed via reference tables."", 'Offset values (-1, 0, 1) for financial years/weeks should be clearly defined and potentially parameterized.', ""Division by 1000 for 'K' (thousands) values could be a standardized function or view.""]",10,['ncau-data-newsquery-prd.asl_finance_derived.adsales_performance'],1,1,24,5
1a5f7b4e-ea3a-46e4-8b77-b428f4178510,Team Sales Performance,ncau-data-newsquery-prd.asl_advertising.v_adsales_revenue_client_weekly;ncau-data-newsquery-prd.prstn_advertising_views.v_user_dim,sales,8,6,10,mixed,transactional,"['sales_group', 'advertiser_parent', 'financial_year', 'revenue_type', 'fin_adtype_name', 'sales_segment_l_2_name_sync', 'gsd']","Last FY, Current FY, Next FY (relative to current date)",['02/01/2025'],"[""'DOUBLECLICK'"", ""'Client'"", ""'XTEND'"", ""'BILLED'"", ""'BOOKED'"", ""'ROP COMPOSITE'"", ""'MEDIUM RARE CONTENT AGENCY'"", ""'SUDDENLY%'"", ""account_number IN ('17114', '29172', '52809')"", ""'Ian Paterson'"", ""'DIGITAL'"", ""'Digital Other'"", ""'MRCA'"", ""sales_segment_l_2_name_sync IN ('CONSORTIUM NSW', 'KEY ACCOUNTS NSW RETAIL', 'DIRECT NSW', 'INDEPENDENT AGENCIES NSW', 'PRESTIGE')"", ""'PLUTO'"", ""'$'"", ""'$\\'000'""]","['dates should be parameterised or use relative functions', 'lookup values for revenue transaction status, style name, publishing division, ad types, revenue types, sales segments should be managed in reference tables', 'business rules for sales group and GM assignment should be externalized or managed in a dimension table', ""the '$/1000' logic is inconsistently applied due to hardcoded string comparisons and should be reviewed for accuracy and standardization""]",11,"['ncau-data-newsquery-prd.asl_advertising.v_adsales_revenue_client_weekly', 'ncau-data-newsquery-prd.prstn_advertising_views.v_user_dim']",2,1,17,4
c560ed20-040d-4c6a-9c3f-ec8bce27d132,Xtend Details,ncau-data-newsquery-prd.asl_advertising.v_adsales_revenue_client,advertising,6,7,10,monthly,transactional,"['financial_year', 'calendar_year', 'calendar_month', 'publication_name', 'advertiser_name', 'advertiser_group', 'booking_number', 'revenue_type', 'source_unified_publication_name', 'revenue_transaction_status', 'source_publishing_division', 'revenue_group_subtype']","2022 to 2025 (Calendar Year), 202x (Financial Year)","['202', '2022', '2024', '2025']","[""'Medium Rare Content Agency'"", ""'Billed'"", ""'Booked'"", ""'Digital'"", ""'Print'"", ""'INTERNAL PUIG Oceania'"", ""'PUIG Oceania'"", ""'Greyhound Racing Victoria'""]","['financial_year and calendar_year should be parameterised or use relative date functions', 'source_publishing_division, revenue_transaction_status, revenue_group_subtype, and advertiser_name should use governed reference tables or parameters']",12,['ncau-data-newsquery-prd.asl_advertising.v_adsales_revenue_client'],1,4,8,2
bb49fa78-5abe-4e68-a9c1-8172a832e724,optimization,ncau-data-newsquery-prd.sbx_fda_corefin.dt_digital_subscriptions,finance,8,6,7,weekly,aggregate,"['masthead_group', 'finance_recognition', 'fy_year', 'fy_week_of_year', 'fy_month_of_year', 'fy_quarter_of_year']","Calculations are based on a specific 'current' date (26/03/2025 or 25/03/2025) and a baseline (03/07/2024). The underlying data likely covers a broader range, but the queries focus on a single point in time.","['26/03/2025', '25/03/2025', '03/07/2024']","[""'Discontinued'"", ""'Digital Recognition'"", '2025', '1', '2', '3', '4', '5', '10', '14', '18', '23', '27', '31', '36', '40', '44', '49', '13', '26', '39', '53', ""'Week to Date & Budget View'"", ""'Week to Date & Forecast View'"", ""'Week to Date & Year on Year View'"", ""'Week to Date & NY Budget View'"", ""'Month to Date & Budget View'"", ""'Month to Date & Forecast View'"", ""'Month to Date & NY Budget View'"", ""'Quarter to Date & Budget View'"", ""'Quarter to Date & Forecast View'"", ""'Quarter to Date & Year on Year View'"", ""'Quarter to Date & NY Budget View'"", ""'Year to Date & Budget View'"", ""'Year to Date & Forecast View'"", ""'Year to Date & Year on Year View'"", ""'Year to Date & NY Budget View'""]","['dates should be parameterised', 'fiscal calendar mappings should be in a lookup table', 'view type strings should be defined centrally']",13,['ncau-data-newsquery-prd.sbx_fda_corefin.dt_digital_subscriptions'],1,3,37,3
b15d856f-e3ce-4991-bf2a-92395390524f,Programmatic Rolling 60 Day Overview_NQ Data,ncau-data-newsquery-prd.prstn_advertising.programmatic_60_day_view,advertising,6,3,4,daily,transactional,"['ProductType', 'TransactionType', 'TransactionCategory']",Rolling 60 days from Current,[],"[""'Guaranteed'"", ""'Deal'"", ""'Open Auction'"", ""'pmp'"", ""'PG - CPM'"", ""'AG'"", ""'PMP_DEAL'"", ""'RTB'"", ""'PG - CPD'"", ""'Unknown'"", ""'UFR'""]",['TransactionType categorization should be externalized to a lookup table.'],14,['ncau-data-newsquery-prd.prstn_advertising.programmatic_60_day_view'],1,0,11,1
d3bcf796-2396-4a6f-b0a3-da0b7f299a58,Publisher and Product Performance Dashboard - FY25 v2,ncau-data-newsquery-prd.asl_finance_derived.adsales_performance,advertising,2,8,4,weekly,aggregate,"['financial_week', 'advertiser_group', 'fin_adtype_name', 'product_group']",Current (based on financial_week),[],"[""'Commercial Content'"", ""'Free News & Lifestyle'"", ""'State & Communities'"", ""'The Australian & Prestige'"", ""'Unknown'"", ""''""]","['Product group names should be managed in a governed reference table and joined, rather than hardcoded in queries.']",15,['ncau-data-newsquery-prd.asl_finance_derived.adsales_performance'],1,0,6,1
f353b933-30eb-4853-9976-d35371db7d7,Month End Reporting Reconcilation,ncau-data-newsquery-prd.sbx_fda_corefin.dv_gl_reconciliation,finance,3,10,2,monthly,aggregate,['month_name'],Not explicitly filtered in SQL (likely 'All Time' or controlled by Looker Studio UI),[],[],"[""The metric 'sum_of_fiscal_month_numbers' appears unusual for a reconciliation report and might indicate a misconfigured calculation or a placeholder. Review its business purpose and ensure the correct column is being summed.""]",16,['ncau-data-newsquery-prd.sbx_fda_corefin.dv_gl_reconciliation'],1,0,0,1
77c68c35-20ce-477a-b216-0c781d43a8ca,Cecile - Adsales Adhoc Analysis,ncau-data-newsquery-prd.asl_advertising.v_adsales_revenue_client;ncau-data-newsquery-prd.prstn_finance_persisted.finance_operating_statement,advertising,6,3,8,mixed,transactional,"['financial_year', 'financial_week', 'source_system_code', 'revenue_transaction_status', 'source_publishing_division', 'invoice_number', 'fiscal_week_id', 'os_level_5', 'unified_publication_gl_code', 'data_load_datetime']",FY2025 (Financial Year) & FW202548-FW202551 (Fiscal Weeks),"['2025', '202548', '202549', '202550', '202551']","['Booked', 'Billed', 'Medium Rare Content Agency', '-1', 'PLUTO', 'CPQ', 'ADPT', '9707', '9655', '9658']","['Financial years and fiscal weeks should be parameterised or derived from a date dimension table.', 'Revenue transaction statuses, publishing divisions, source system codes, and GL codes should be managed via governed reference tables instead of hardcoded values.']",17,"['ncau-data-newsquery-prd.asl_advertising.v_adsales_revenue_client', 'ncau-data-newsquery-prd.prstn_finance_persisted.finance_operating_statement']",2,5,10,2
6a26c78f-0070-4fb3-88b8-691ee4a4485a,Circ Budget Revenue Weekly Report,ncau-data-newsquery-prd.asl_finance.v_asl_FCT_finance_os_aggregated;ncau-data-newsquery-prd.asl_finance.v_asl_DIM_os_publication_hierachy;ncau-data-newsquery-prd.asl_finance.v_asl_DIM_calendar;ncau-data-newsquery-prd.asl_finance.v_asl_DIM_period_control;ncau-data-newsquery-prd.asl_finance.v_asl_DIM_gl_department;ncau-data-newsquery-prd.asl_finance.v_asl_DIM_os_rel_timeperiod_weekly,finance,8,5,18,weekly,aggregate,"['fiscal_week_id', 'fy_quarter_of_year', 'publication_name_standardized', 'publication_state_region', 'os_level_8', 'sales_channel_group', 'day_of_week_category', 'publication_group']",FY2025 (Fiscal Year 2025) and relative fiscal weeks/months,"['15/04/2025', '03/07/2024']","[""'CIRCULATION'"", ""'Free News & Lifestyle'"", ""'Food'"", ""'Prestige'"", ""'FY2025'"", ""'DTI Free Copies'"", ""'Retail'"", ""'YTD'"", ""'PNG'"", ""'6 Day Pubs'"", ""'M-F'"", ""'SAT'"", ""'Sun'"", ""'ALL SALES CHANNELS'"", ""'The Sportsman'"", ""'Weekly Times'"", ""'The Courier Mail'"", ""'The Australian'"", ""'Mercury and Sunday Tas'"", ""'NT News & Sunday Territorian'"", ""'Other'"", ""'The Advertiser'"", ""'The Daily Telegraph'"", ""'The Herald Sun'"", ""'Convenience Stores / Service Stations'"", ""'Newsagencies'"", ""'Supermarkets'"", ""'Subscriptions'"", ""'Unspec Channel'"", ""'Alternative Channels'"", ""'CP'"", ""'PY'"", ""'1'"", ""'2'"", ""'3'"", ""'4'"", ""'5'"", ""'6'"", ""'7'"", ""'9'""]","['Dates should be parameterized or use relative date functions (e.g., CURRENT_DATE())', ""Fiscal year 'FY2025' should be parameterized"", 'Publication names, sales channels, and day of week categories should use governed lookup tables instead of hardcoded CASE statements', ""The numeric literals '1', '2', '3' used for period selection should be replaced by a clear parameter or configuration""]",18,"['ncau-data-newsquery-prd.asl_finance.v_asl_FCT_finance_os_aggregated', 'ncau-data-newsquery-prd.asl_finance.v_asl_DIM_os_publication_hierachy', 'ncau-data-newsquery-prd.asl_finance.v_asl_DIM_calendar', 'ncau-data-newsquery-prd.asl_finance.v_asl_DIM_period_control', 'ncau-data-newsquery-prd.asl_finance.v_asl_DIM_gl_department', 'ncau-data-newsquery-prd.asl_finance.v_asl_DIM_os_rel_timeperiod_weekly']",6,2,40,4
2104a3f5-9424-4087-a928-e67fecae789a,Circulation Performance Dashboard_dev_20250415,ncau-data-newsquery-prd.asl_finance.v_asl_FCT_finance_os_aggregated;ncau-data-newsquery-prd.asl_finance.v_asl_DIM_os_publication_hierachy;ncau-data-newsquery-prd.asl_finance.v_asl_DIM_calendar;ncau-data-newsquery-prd.asl_finance.v_asl_DIM_period_control;ncau-data-newsquery-prd.asl_finance.v_asl_DIM_gl_department;ncau-data-newsquery-prd.asl_finance.v_asl_DIM_os_rel_timeperiod_weekly,finance,8,5,15,mixed,aggregate,"['publication_name', 'os_level_7', 'fy_year_week_number', 'fy_month_of_year', 'day_of_week', 'fy_year', 'publication_category_level_1', 'publication_type']",FY2025 (with specific week filters),"['03/07/2024', '23/06/2025', '04/06/2025']","[""'CIRCULATION'"", ""'FY2025'"", ""'Free News & Lifestyle'"", ""'Food'"", ""'Prestige'"", ""'All Sales Channels'"", ""'Weekly Times'"", ""'Sunshine Coast'"", ""'Mackay'"", ""'NT News'"", ""'Sunday Territorian'"", ""'Advertiser'"", ""'Post Courier'"", ""'PNG'"", ""'The Daily Telegraph'"", ""'The Sunday Telegraph'"", ""'Herald Sun'"", ""'Sunday Herald Sun'"", ""'Sunday Tasmanian'"", ""'Mercury'"", ""'The Sportsman'"", ""'The Courier Mail'"", ""'The Australian'"", ""'6 Day Pubs'"", ""'Mercury and Sunday Tas'"", ""'NT News & Sunday Territorian'"", ""'Other'"", ""'The Advertiser'"", ""'The Courier Mail'"", ""'The Daily Telegraph'"", ""'The Herald Sun'"", ""'Geelong Advertiser'"", ""'Sydney Suburbans'"", ""'Toowoomba'"", ""'Townsville Bulletin'"", ""'CP'"", ""'PY'"", 'magic_number_48', 'magic_string_2']","['Dates should be parameterized or use relative date functions (e.g., CURRENT_DATE())', 'Fiscal year should be dynamic based on current date or a parameter', 'Publication names and categories should be managed in a governed lookup/dimension table (e.g., DIM_publication_hierarchy_categorized)', 'Sales channel values should be managed in a governed lookup table', ""Magic numbers/strings used in calculations (e.g., '48', '2') should be replaced with meaningful variables, parameters, or derived from metadata.""]",19,"['ncau-data-newsquery-prd.asl_finance.v_asl_FCT_finance_os_aggregated', 'ncau-data-newsquery-prd.asl_finance.v_asl_DIM_os_publication_hierachy', 'ncau-data-newsquery-prd.asl_finance.v_asl_DIM_calendar', 'ncau-data-newsquery-prd.asl_finance.v_asl_DIM_period_control', 'ncau-data-newsquery-prd.asl_finance.v_asl_DIM_gl_department', 'ncau-data-newsquery-prd.asl_finance.v_asl_DIM_os_rel_timeperiod_weekly']",6,3,39,5
155c4518-72bf-4309-a0e9-240dd564f421,Portfolio Performance Dashboard,ncau-data-newsquery-prd.asl_finance_derived.adsales_performance,finance|sales|advertising,8,6,22,mixed,transactional,"['GSD', 'financial_month', 'financial_quarter', 'relative_fy_month_offset', 'relative_fy_quarter_offset', 'relative_fy_year_offset', 'advertiser_group', 'portfolio_conformed_name_sync', 'fin_adtype_name', 'product_group', 'revenue_type', 'sales_segment_gm_name_sync']",Current Fiscal Year/Month and Previous Fiscal Year/Month,[],"[""'$\\'000' = '$'"", '0 (offset)', '-1 (offset)', '-12 (offset)', '-4 (offset)', '1000 (scaling factor)', '0.01 (threshold)', '-0.01 (threshold)', '0 (threshold)', ""'All' (customer status)"", ""'NEW BUSINESS' (customer status)"", ""'RETAINED' (customer status)"", ""'INACTIVE' (customer status)"", ""'LAPSED' (customer status)"", ""'Other' (customer status)"", ""'The Australian & Prestige' (product group)"", ""'State & Communities' (product group)"", ""'Free News & Lifestyle' (product group)"", ""'Client' (product group)"", ""'Commercial Content' (product group)"", ""'Group Functions' (product group)"", ""'Others' (product group)"", ""'Unknown' (product group)"", ""'XTEND' (ad type)"", ""'PRINT' (revenue type)"", ""'DESIREE DURRANT' (GSD)"", ""'CHRIS JEFFS' (GSD)"", ""'1' (customer retention type parameter value)""]","['Replace hardcoded relative offsets with dynamic date logic or parameters for fiscal periods.', 'Externalize all lookup values (customer status, product groups, ad types, revenue types) into governed reference tables.', ""Parameterize thresholds for flags like 'blank_portfolio_flag'."", 'Parameterize GSD names for filtering.', ""Remove or fix dead code like `('$\\'000' = '$')` condition."", 'Consolidate redundant metric calculations.']",20,['ncau-data-newsquery-prd.asl_finance_derived.adsales_performance'],1,0,28,6
705edcb5-737a-4600-b1a7-11870177f97a,Programmatic Impact Reporting,ncau-data-newsquery-prd.asl_advertising.v_adsales_revenue_client,advertising,6,8,1,mixed,transactional,"['financial_year', 'financial_short_month', 'source_publishing_division', 'revenue_transaction_status', 'cost_model_type', 'advertiser_name', 'revenue_group_subtype', 'revenue_type_level2', 'source_system_code', 'data_load_datetime']",Financial Year 2025 (specifically October 2025 for some views),"['2025', 'Oct']","['Medium Rare Content Agency', 'Billed', 'Booked', 'Programmatic', 'Programmatic Source', 'Digital', 'Foxtel Management Pty Ltd', 'PLUTO']","['financial year and month should be parameterized', 'source_publishing_division should use a configurable exclusion list or reference table', 'revenue_transaction_status should use a reference table', 'revenue_type_level2 should use a reference table', 'revenue_group_subtype should use a reference table', 'advertiser_name should be parameterized or use a reference table', 'source_system_code should use a reference table']",22,['ncau-data-newsquery-prd.asl_advertising.v_adsales_revenue_client'],1,2,8,7
61f1feb4-fc3e-4bee-b987-84c86cfe6425,Digital - Publications and Products Monthly ,ncau-data-newsquery-prd.asl_finance_derived.adsales_performance,finance,6,3,11,yearly,transactional,"['financial_year', 'unified_publication_name', 'revenue_group_subtype', 'revenue_type', 'xtend_flag', 'dw_asl_load_timestamp']",2024 to 2025,"['2024', '2025']","[""'DIGITAL'"", ""'PROGRAMMATIC EXCHANGE'"", ""'PROGRAMMATIC SOURCE'"", ""'Y'"", ""'XTEND'"", ""'PRINT'"", ""'DIGITAL (excl.XTEND)'"", ""'XTEND ONLY'"", ""'digital'""]","['financial_year should be parameterized', 'revenue_group_subtype values should use a lookup table', 'revenue type categories and XTEND logic should be externalized or use a governed reference table']",23,['ncau-data-newsquery-prd.asl_finance_derived.adsales_performance'],1,2,9,3
258a722d-9b6e-45df-ba00-1b9954ec36b2,Debtor to Account Mapping,ncau-data-newsquery-prd.asl_advertising.v_asl_gbaba_act_xref;sdm_advertisingexternals.__TABLES__,advertising,3,6,5,mixed,transactional,"['Adpoint_Account', 'Genera_Booking_Account', 'Medium_Rare_Debtor_Account', 'National_Debtor_Account']",Current,[],"[""'56694'"", '""Australia/Sydney""', '""gbaba_act_xref""']",['Adpoint_Account filter should be parameterized'],24,"['ncau-data-newsquery-prd.asl_advertising.v_asl_gbaba_act_xref', 'sdm_advertisingexternals.__TABLES__']",2,0,3,1
4bd7954c-5a94-4fb6-92e1-ed152b1cf7b3,Copy of Interim Adsales Performance Dashboard for FY26,ncau-data-newsquery-prd.asl_finance_derived.adsales_performance,sales,7,4,7,mixed,transactional,"['product_group', 'revenue_type', 'unified_publication_name', 'relative_fy_year_offset']",Current and Previous Fiscal Year,[],"[""'The Australian & Prestige'"", ""'PRINT'"", ""'GQ Mag'"", 'Admin.ADV', 'Admin.DTM', 'Admin.HWT', 'Admin.International', 'Admin.Sales', 'Admin.Sport', 'Admin.TCM', 'Bestrecipes.Admin', 'Bodyandsoul.Admin', 'CODE', 'CodeBet', 'Delicious.admin', 'Escape.Admin', 'GQ.Admin', 'Kidspot.Admin', 'National Sundry', 'National Tabloid PrePrint', 'News.Admin', 'odds.com.au', 'Punters.com.au', 'Qantas Travel Insider', 'RACENET', 'Shortlyster Managed Service', 'Sky News', 'SKYNEWS.ADMIN', 'Stellar.Admin', 'Stockhead', 'SUDDENLY.CW', 'SUDDENLY.NORTH', 'SUDDENLY.TGG', 'Taste.Admin', 'TAUS.ADMIN', 'The Sunday Times', 'TOOWOOMBACUSTOM', 'Vogue.Admin', 'Vogueliving.Admin', '0', '1', '1000']","['relative_fy_year_offset should be derived from a date dimension table or parameter', 'scaling factor (1000) should be parameterized', 'product_group, revenue_type, and unified_publication_name filters should be parameterized', ""the list of unified_publication_name for 'Sundry Pubs' categorization should be managed in a reference table""]",25,['ncau-data-newsquery-prd.asl_finance_derived.adsales_performance'],1,0,42,4
87651b69-c43e-471f-9c4b-98df1208a844,Programmatic Sales Patches,ncau-data-newsquery-prd.prstn_advertising.programmatic_cal_month,advertising,4,7,5,monthly,aggregate,"['Advertiser', 'TransactionType', 'month_start_date', 'Source']","Unknown, but includes future date 01/06/2025",['01/06/2025'],"[""'Guaranteed'"", ""'Chemist Warehouse *'""]","['dates should be parameterised', 'advertiser names and transaction types should use governed lookup tables']",26,['ncau-data-newsquery-prd.prstn_advertising.programmatic_cal_month'],1,1,2,2
e9d8a216-4950-4d30-b344-5011776edbdf,Adex Report,`ncau-data-newsquery-prd`.sbx_dcp.adex_datasource,advertising,8,5,14,monthly,aggregate,"['date', 'Major_Category', 'Media_Network', 'Media_Group', 'Media_Type']",01/08/2022 to 01/06/2024,"['01/08/2023', '01/06/2024', '01/08/2022', '01/06/2023']","[""'NEWS CORP'"", ""'Retail'"", ""'Jan'"", ""'Feb'"", ""'Mar'"", ""'Apr'"", ""'May'"", ""'Jun'"", ""'Jul'"", ""'Aug'"", ""'Sep'"", ""'Oct'"", ""'Nov'"", ""'Dec'""]","['dates should be parameterised', 'month names should use standard date functions or a lookup table', ""specific category/network names ('NEWS CORP', 'Retail') could be parameterized or managed via a reference table if they change frequently""]",27,['`ncau-data-newsquery-prd`.sbx_dcp.adex_datasource'],1,4,14,3
b1c5901f-a535-42eb-870d-05cc025f7c27,OS extract for month end rec,ncau-data-newsquery-prd.asl_finance.v_asl_FCT_finance_os_aggregated;ncau-data-newsquery-prd.asl_finance.v_asl_DIM_os_publication_hierachy;ncau-data-newsquery-prd.asl_finance.v_asl_DIM_calendar;ncau-data-newsquery-prd.asl_finance.v_asl_DIM_gl_department;ncau-data-newsquery-prd.asl_finance.v_asl_DIM_period_control,finance,7,8,15,weekly,aggregate,"['fy_year', 'fy_week_of_year', 'gl_hierarchy_code', 'os_level_4', 'publication_name']","FY2025, Week 40 (hardcoded)",[],"[""'FY2025'"", '40', ""'Total Revenue'"", ""'Total Expenses'"", ""'News Media Publishing'"", ""'Circulation'"", ""'Subscription'"", ""'Content Licensing'"", ""'CP'"", ""'PY'""]","['fiscal year and week should be parameterised', 'OS levels and publication codes should use governed reference tables or parameters', 'period control names should be configurable']",28,"['ncau-data-newsquery-prd.asl_finance.v_asl_FCT_finance_os_aggregated', 'ncau-data-newsquery-prd.asl_finance.v_asl_DIM_os_publication_hierachy', 'ncau-data-newsquery-prd.asl_finance.v_asl_DIM_calendar', 'ncau-data-newsquery-prd.asl_finance.v_asl_DIM_gl_department', 'ncau-data-newsquery-prd.asl_finance.v_asl_DIM_period_control']",5,0,10,3
b9dfd2f4-92fa-4f81-a5b1-17de880470f9,Contra Report,ncau-data-newsquery-prd.asl_finance_derived.details_dashboard;ncau-data-newsquery-prd.asl_advertising.v_adsales_revenue_client_daily;ncau-data-newsquery-prd.sbx_dcp.contra_sheet_data,finance,8,6,8,monthly,aggregate,"['adpoint_account_number', 'advertiser_name', 'financial_year', 'calendar_year_month', 'portfolio_conformed_name_current', 'current_portfolio_conformed_owner_full', 'revenue_type', 'sales_segment_gm_name', 'nca_industry_pillar']",All available data up to current,[],"[""'Contra'"", ""'Renee Sycamore'"", ""'13019'"", ""'52246'"", ""'18387'"", ""'ctr'"", ""'Guaranteed'"", ""'Exchange'"", ""'BILLED'"", ""'BOOKED'"", ""'ROP COMPOSITE'"", ""'MEDIUM RARE CONTENT AGENCY'"", ""'SUDDENLY%'"", ""'17114'"", ""'29172'"", ""'52809'"", ""'-'"", ""'CTR_2023_AFL SPORT'"", ""'CTR_2023_GWS GIANTS'"", ""'CTR_2023_SYDNEY SWANS'"", ""'CTR_2025_Greater Western Sydney Giants'"", ""'CTR_2025_Raising Literacy Australia'"", ""'VACANT'"", ""'Y'"", ""'N'"", ""'XXX'"", ""'ctr1'"", ""'CTR_2023_AFL Sports CTR_2023_Sydney Swans CTR_2023_GWS Giants'""]","['Account numbers and advertiser names used in filters should be managed in governed reference tables.', ""Business rules embedded in CASE statements (e.g., 'ctr1' logic) should be externalized to configuration tables."", 'Sales segment and industry pillar filters could be parameterized.']",29,"['ncau-data-newsquery-prd.asl_finance_derived.details_dashboard', 'ncau-data-newsquery-prd.asl_advertising.v_adsales_revenue_client_daily', 'ncau-data-newsquery-prd.sbx_dcp.contra_sheet_data']",3,0,28,3
4d22b4c2-4bb3-49db-a0c1-4d46d4fba101,Copy of Acquisitions - Extracts,ncau-data-newsquery-prd.asl_finance_derived.acquisitions_cancellations_movements,finance,8,6,1,weekly,transactional,"['fy_year', 'fy_week_of_year', 'masthead', 'publication_type', 'publication_group', 'subscription_type', 'source_channel', 'business_type', 'offer_category_group_name', 'offer_category_name']",FY2025,['2025'],"[""'op'"", ""'Digital Y'"", ""'Digital N'"", ""'Bundle Y'"", ""'Not Available Y'"", ""'TA'"", ""'CM'"", ""'DT'"", ""'HS'"", ""'AA'"", ""'CP'"", ""'GA'"", ""'GC'"", ""'NT'"", ""'TM'"", ""'TB'"", ""'TC'"", ""'WT'"", ""'SC'"", ""'CS'"", ""'TS'"", ""'AP'"", ""'RN'"", ""'PU'"", ""'Exclude'"", ""'The Australian and Prestige'"", ""'_AB'"", ""'_BB'"", ""'_CF'"", ""'_CS'"", ""'_FA'"", ""'_FF'"", ""'_NA'"", ""'_PC'"", ""'_PE'"", ""'_SL'"", ""'_SS'"", ""'_TE'"", ""'_TH'"", ""'_TO'"", ""'_WS'"", ""'PRED'"", ""'AMP'"", ""'FBK'"", ""'FMB'"", ""'GGL'"", ""'GGN'"", ""'INS'"", ""'LIN'"", ""'NEW'"", ""'NWL'"", ""'POD'"", ""'POR'"", ""'RED'"", ""'SCP'"", ""'SEC'"", ""'TCA'"", ""'TMP'"", ""'TWA'"", ""'TWT'"", ""'WID'"", ""'_FBK'"", ""'_GGL'"", ""'_LIN'"", ""'_RED'"", ""'_TWT'"", ""'Consumer'"", ""'Gift Receiver'"", ""'Campus'"", ""'Corporate'"", ""'Corporate excluding IP'"", ""'Corporate IP'"", ""'IP Access'"", ""'SMB'"", ""'Others'"", ""'B2C'"", ""'B2B'"", ""''""]","['dates should be parameterised', 'masthead codes should join to a masthead_lookup table', 'source_code patterns should join to a source_channel_lookup table', 'classification_level_2 values should join to a business_type_lookup table', 'subscription type logic should be defined in a governed view or lookup']",30,['ncau-data-newsquery-prd.asl_finance_derived.acquisitions_cancellations_movements'],1,1,78,5
5491badf-5ec0-4b4f-a427-b12a3a3395dd,Programmatic / Tubi Performance FY25,ncau-data-newsquery-prd.asl_finance_derived.details_dashboard,finance,7,8,17,monthly,transactional,"['financial_short_month', 'financial_quarter', 'financial_month', 'relative_fy_month_offset', 'revenue_category', 'cost_model_type', 'unified_publication_name', 'revenue_group_subtype', 'portfolio_conformed_name_sync']",Current Financial Year (relative_fy_year_offset = 0) up to 18/06/2025,['18/06/2025'],"[""'Guaranteed'"", ""'PMP'"", ""'Non-Guaranteed'"", ""'TUBI'"", ""'PERFORMANCE'"", ""'PROGRAMMATIC SOURCE'"", ""'PG'"", ""'OMP'"", ""'Y'"", ""'N'"", ""'Run of Audience Extension'""]","['dates should be parameterised', 'revenue categories should use governed lookup tables', 'cost model types should use governed lookup tables', 'publication names should use governed lookup tables']",31,['ncau-data-newsquery-prd.asl_finance_derived.details_dashboard'],1,1,11,4
8956e94b-f6d1-46a3-9c7f-87a91fbe98b5,LODs,ncau-data-newsquery-prd.asl_advertising.v_adsales_revenue_client_weekly;ncau-data-newsquery-prd.prstn_advertising_views.v_user_dim,sales,8,6,11,weekly,aggregate,"['financial_month', 'financial_year', 'sales_segment_l_2_name_sync', 'revenue_type', 'portfolio_group_name_sync', 'GSD', 'financial_quarter', 'xtend_flag']","Current FY, Previous FY, Next FY",[],"['-1', '0', '1', ""'BILLED'"", ""'BOOKED'"", ""'ROP COMPOSITE'"", ""'MEDIUM RARE CONTENT AGENCY'"", ""'SUDDENLY%'"", ""'17114'"", ""'29172'"", ""'52809'"", ""'Digital Other'"", ""'Y'"", ""'XTEND'"", ""'MRCA'"", ""'Client'"", ""'CONSORTIUM NSW'"", ""'KEY ACCOUNTS NSW RETAIL'"", ""'DIRECT NSW'"", ""'INDEPENDENT AGENCIES NSW'"", ""'PRESTIGE'"", ""'Ian Paterson'"", ""'PLUTO'"", ""'VACANT'"", ""'XXX'""]","['relative_fy_year_offset should be handled by a date dimension table or parameter', 'revenue_transaction_status, style_name, source_publishing_division, sales_segment_l_2_name_sync, xtend_flag, revenue_type, source_system_code should use reference tables for lookup values', 'publication_name and account_number logic could be managed via a configuration table', 'Sales_Group and sales_segment_gm_name_sync derivations could be part of a governed business rule table']",32,"['ncau-data-newsquery-prd.asl_advertising.v_adsales_revenue_client_weekly', 'ncau-data-newsquery-prd.prstn_advertising_views.v_user_dim']",2,0,25,4
6de90f2a-b3f3-46fe-a4fe-13474b2d6618,PACMAN AND EXCLUDE LOD,ncau-data-newsquery-prd.sbx_fda_corefin.dv_exclude_product_l3_and_l4;ncau-data-newsquery-prd.sbx_fda_corefin.dv_pacman_running_expense,finance,6,4,4,yearly,transactional,"['Margin_Level', 'Category', 'Product_L1', 'Product_L2', 'Product_L3', 'Product_L4', 'Product_Name', 'Fiscal_Year']",2025,['2025'],"[""'Category'"", ""'Product_Name'"", ""'Product_L1'"", ""'Product_L2'"", ""'Product_L3'"", ""'Product_L4'""]","['dates should be parameterised', 'dynamic dimension selection should be handled via Looker Studio parameters, not hardcoded CASE logic']",33,"['ncau-data-newsquery-prd.sbx_fda_corefin.dv_exclude_product_l3_and_l4', 'ncau-data-newsquery-prd.sbx_fda_corefin.dv_pacman_running_expense']",2,1,6,2
f65a9149-93b4-4aa9-aef6-d12002853222,Digital Video Content Audio,ncau-data-newsquery-prd.asl_advertising.v_adsales_revenue_client,advertising,6,5,10,yearly,transactional,"['sales_segment_l_2_name_sync', 'booking_number', 'adsize_name', 'fin_adtype_name', 'revenue_transaction_status', 'source_publishing_division', 'financial_year']",2025 to 2026,"['2025', '2026']","['Booked', 'Billed', 'Medium Rare Content Agency', 'Audio (Targeted)', 'Audio (Non-Targeted)', 'Events (Non-Targeted)', 'Events (Targeted)', 'Rich Media (Non-Targeted)', 'Rich Media (Targeted)', 'Social Display (Targeted)', 'Social Display (Non-Targeted)', 'Standard Display (Targeted)', 'Standard Display (Non-Targeted)', 'TTIV (Targeted)', 'TTIV (Non-Targeted)', 'Content Discovery (Non-Targeted)', 'Content Discovery (Targeted)', 'Native (Non-Targeted)', 'Native (Targeted)']","['financial_year should be parameterised or use dynamic calculations', 'fin_adtype_name values should be sourced from a reference table', 'revenue_transaction_status values should be sourced from a reference table', 'source_publishing_division exclusion should use a configuration table']",34,['ncau-data-newsquery-prd.asl_advertising.v_adsales_revenue_client'],1,2,19,4
a17622e2-ad43-49cc-b3c5-19c95036fd14,Advertising Rebates Dashboard,ncau-data-newsquery-prd.asl_advertising.v_adsales_revenue_client,advertising,7,8,15,monthly,transactional,"['account_number', 'advertiser_name', 'advertiser_parent', 'financial_year', 'financial_month', 'invoice_number', 'revenue_type', 'source_publishing_division', 'revenue_group_subtype', 'revenue_transaction_status', 'unified_publication_name']","Financial Year 2025, Financial Month 10","['2025', '10']","[""'Booked'"", ""'Billed'"", ""'Medium Rare Content Agency'"", ""'Print'"", ""'Digital'"", ""'Programmatic Source'"", ""'4039072'""]","['financial_year and financial_month should be parameterised', 'revenue_transaction_status, source_publishing_division, revenue_type, revenue_group_subtype should use governed reference tables', 'account_number should be parameterised or use a governed lookup']",35,['ncau-data-newsquery-prd.asl_advertising.v_adsales_revenue_client'],1,2,7,3
fed70b12-c274-4cde-9920-592ca4c4dab0,Independent Agency Report,ncau-data-newsquery-prd.sbx_dcp.ia;ncau-data-newsquery-prd.asl_finance_derived.revenue_movement,finance,8,5,17,mixed,transactional,"['agency_parent', 'account_number', 'booking_line_created_date', 'movement_date', 'financial_year', 'financial_quarter', 'financial_month', 'movement_financial_week', 'revenue_group_subtype']",Historical to Current,"['23/05/2025', '22/06/2025']","[""'FY'"", '-12', '-1', '0', '6', ""'PROGRAMMATIC EXCHANGE'"", ""'Jan'"", ""'Feb'"", ""'Mar'"", ""'Apr'"", ""'May'"", ""'Jun'"", ""'Jul'"", ""'Aug'"", ""'Sep'"", ""'Oct'"", ""'Nov'"", ""'Dec'"", ""'Q1'"", ""'Q2'"", ""'Q3'"", ""'Q4'"", ""'Current Week'""]","[""Dates used as 'current date' should be parameterized or use CURRENT_DATE()"", 'Relative date calculations (e.g., -365 days) should use INTERVAL 1 YEAR for robustness', 'Month and quarter mappings should be externalized to a reference table', ""Business rules like 'PROGRAMMATIC EXCHANGE' exclusion or financial month adjustments should be configurable""]",36,"['ncau-data-newsquery-prd.sbx_dcp.ia', 'ncau-data-newsquery-prd.asl_finance_derived.revenue_movement']",2,2,23,4
9269e9c6-1ad0-4415-96c3-aca8a710ba01,Team Sales Performance - FY26 (Interim),ncau-data-newsquery-prd.asl_finance_derived.adsales_performance,sales,7,4,32,mixed,transactional,"['advertiser_parent', 'financial_quarter', 'financial_short_month', 'sales_segment_l_2_name', 'unified_publication_name', 'revenue_group_subtype', 'revenue_type', 'relative_fy_year_offset', 'booking_line_created_date', 'fix_date_lod']",FY24 and FY25 relative to 23/06/2025,['23/06/2025'],"['Jul Q1 H1', 'DOUBLECLICK', '0', '1', 'DIGITAL', 'Digital Other', 'OUTSTREAM', 'XTEND', 'EDMEDIA', 'ECOMMERCE', 'Consortium QLD', '$', ""$\\'000'""]","['dates should be parameterised or use relative date functions (e.g., CURRENT_DATE())', 'lookup values (publication types, sales segments, revenue types) should use governed reference tables', 'currency display logic should be a dashboard parameter, not hardcoded in SQL']",37,['ncau-data-newsquery-prd.asl_finance_derived.adsales_performance'],1,1,13,3
80ca81f3-0671-40ef-a0a9-825a1580ca1b,Team Sales Performance,ncau-data-newsquery-prd.asl_finance_derived.adsales_performance,sales,2,8,6,none,transactional,"['advertiser_name', 'portfolio_conformed_name_sync', 'sales_segment_l_2_name_sync']",N/A,[],"[""'GAD RAM A1'"", ""'HBT RAM A1'"", ""'VIC DIRECT A7'"", ""'VIC DIRECT A8'"", ""'VIC DIRECT A9'""]",['portfolio names should use a reference table or parameter'],38,['ncau-data-newsquery-prd.asl_finance_derived.adsales_performance'],1,0,5,1
23c8b213-a9f0-4158-b8fa-bff14425abb5,TM1 NewsQuery Tables,ncau-data-newsquery-prd.sbx_fda_corefin.dv_tm1_pbf_subscriptions;ncau-data-newsquery-prd.sbx_fda_corefin.dv_tm1_pbf_circulation_actuals,finance,3,3,14,weekly,aggregate,"['fiscal_week_id', 'category_name', 'gl_publication_code', 'channel', 'state']","Specific fiscal week (202535) detected, no range",['202535'],['202535 (fiscal week ID)'],"['fiscal_week_id should be parameterised or use relative dates', 'consider joining subscription and circulation data on common dimensions like state or publication if available in underlying data models']",39,"['ncau-data-newsquery-prd.sbx_fda_corefin.dv_tm1_pbf_subscriptions', 'ncau-data-newsquery-prd.sbx_fda_corefin.dv_tm1_pbf_circulation_actuals']",2,1,1,2
3ee20092-1897-49b7-8bcd-4157d5f816eb,AdSales Data for Pacing Report,ncau-data-newsquery-prd.asl_finance_derived.adsales_performance,sales,3,7,3,mixed,aggregate,"['financial_year', 'financial_week', 'revenue_group_subtype']",2024 to 2025,[],"[""'2025'"", ""'2024'"", ""'SUNDRY ADSALES OVERLAY'"", '47', '48', '49', '50', '51', '52']","['financial_year should be parameterized or use relative date functions', 'revenue_group_subtype should join to a reference table for dynamic filtering', 'financial_week exclusions should be managed via a calendar table or configuration table']",40,['ncau-data-newsquery-prd.asl_finance_derived.adsales_performance'],1,0,9,3
d4d68a71-2b12-4caf-bc6b-96fc2d18a025,Adsales Details Dashboard,ncau-data-newsquery-prd.asl_finance_derived.details_dashboard,sales,6,4,9,mixed,transactional,"['publication_date', 'advertiser_name', 'employee_name', 'agency_group', 'unified_publication_name', 'financial_year_selected', 'financial_month_selected', 'portfolio_name_selected']",2024 to 2025 (financial years),"['2025', '2024']","['Feb', 'Mar', 'Apr', 'May', 'Jun', 'Jul', 'Aug', 'Sep', 'NSW IA C3', 'Marley-Kale Kentia', 'Australian Meat Processor Corporation', 'Australian Pork', 'CMC Markets', 'Coco Republic', 'Dry July Limited', 'Fred Hollows Foundation', 'LGT Crestone', 'Vogue Australia', 'Monday', 'Tuesday', 'Wednesday', 'Thursday', 'Friday', 'Saturday', 'Sunday']","['dates should be parameterised or use relative date functions', 'lookup values (portfolio, employee, advertiser, publication) should use Looker Studio controls or reference tables', 'dynamic dimension selection logic (Fin/Curr) should be driven by Looker Studio parameters']",41,['ncau-data-newsquery-prd.asl_finance_derived.details_dashboard'],1,2,25,3
57d87efe-c112-4d42-be1b-045f0c8ca73e,Commercial Finance Scorecards,ncau-data-newsquery-prd.asl_finance_derived.consumer_masthead_scorecard,finance,8,6,83,weekly,aggregate,"['masthead', 'fy_year', 'fy_week_of_year']","Specific weeks within FY2025 (e.g., Week 37, Weeks 26-31) relative to a base date of 03/07/2024.","['03/07/2024', '30/03/2025', '10/02/2025']","[""'TA'"", ""'DT'"", ""'HS'"", ""'WT'"", ""'GA'"", ""'CM'"", ""'CP'"", ""'TB'"", ""'TC'"", ""'GC'"", ""'TM'"", ""'NT'"", ""'AA'"", ""'States and Community'"", ""'The Australian and Prestige'"", ""'Metro'"", ""'Regionals'"", '2025', '2024', '0', '1', '2', '3', '4', '5', '48', '49', '50', '51', '52', ""'All Mastheads'"", ""'TRUE'""]","['Dates should be parameterized or use relative date functions (e.g., CURRENT_DATE(), DATE_SUB) instead of fixed literals.', 'Masthead codes and their display names/groupings should be managed in a lookup table for consistency and easier maintenance.', 'Fiscal year and week logic should be dynamic based on current date or parameters, not hardcoded years.', 'The `(0=X)` boolean conditions suggest dynamic filter values that are currently inactive; these should be handled more robustly, possibly by removing the condition if no filter is applied or using a parameter.']",42,['ncau-data-newsquery-prd.asl_finance_derived.consumer_masthead_scorecard'],1,3,32,4
f7a9efeb-df3c-45c9-899d-0bcada701572,Salaries & Wages Dashboard UAT Version,ncau-data-newsquery-prd.asl_finance.v_asl_circulation_dq_check;ncau-data-newsquery-prd.prstn_finance_persisted.finance_operating_statement;ncau-data-newsquery-prd.prstn_finance.v_circulation_snapshot_fct,finance,7,5,5,weekly,transactional,"['fy_year_week_number', 'revenue_type']","Dynamic (latest snapshot time, historical weekly data)",[],"[""'03'"", ""'Circulation'"", ""'Estimate'"", ""'RCTI'"", ""'THINK'"", ""'DTI'"", ""'Australia/Sydney'""]","[""'03' revenue type prefix should be mapped to a reference table"", 'source system and scenario filters should be configurable or use reference tables', 'timezone should be a parameter or system variable']",43,"['ncau-data-newsquery-prd.asl_finance.v_asl_circulation_dq_check', 'ncau-data-newsquery-prd.prstn_finance_persisted.finance_operating_statement', 'ncau-data-newsquery-prd.prstn_finance.v_circulation_snapshot_fct']",3,0,7,3
c441950c-1e3f-432c-9838-847d1d315b9e,Circulation Insights for Analysis,ncau-data-newsquery-prd.asl_finance.v_asl_circualtion_insights;ncau-data-newsquery-prd.prstn_finance.v_calendar_dim,finance,6,5,10,mixed,transactional,"['fiscal_week_id', 'day_of_week', 'charge_type', 'gl_publication_code', 'sales_channel_l4', 'derived_publication_type']","Fiscal Year 2025, specific weeks within 2025","['2025', '202541', '202542', '202543', '202544', '202545', '202533', '202534', '202535', '202536', '202537', '202538', '202539', '202540']","[""'Sun'"", ""'Subscriptions'"", ""'DT'"", ""'DRAW'"", ""'RETURNS'"", ""'ADJUSTMENT'"", ""'ADV'"", ""'AUS'"", ""'CM'"", ""'Delicious'"", ""'Delicious Specials'"", ""'GAD'"", ""'GCB'"", ""'Group Shared Services'"", ""'Hobart Print Services'"", ""'HS'"", ""'MDM'"", ""'MERCURY'"", ""'NTN'"", ""'Perth Print Services'"", ""'Post Courier'"", ""'SC'"", ""'Taste'"", ""'TCHRN'"", ""'TCP'"", ""'TVB'"", ""'Vogue'"", ""'Vogue Living'"", ""'WT'"", ""'Other'"", ""'500'"", ""'560'"", ""'100'"", ""'400'"", ""'402'"", ""'9504'"", ""'9505'"", ""'110'"", ""'116'"", ""'350'"", ""'670'"", ""'180'"", ""'156'"", ""'301'"", ""'303'"", ""'5003'"", ""'850'"", ""'852'"", ""'961'"", ""'963'"", ""'158'"", ""'5024'"", ""'9514'"", ""'9515'"", ""'5053'"", ""'450'"", ""'475'"", ""'9560'"", ""'9556'"", ""'305'""]","['dates should be parameterised', 'fiscal weeks should be derived from date parameters', 'publication codes should join to a `gl_publication_lookup` table', 'sales channel values should be governed via a reference table']",44,"['ncau-data-newsquery-prd.asl_finance.v_asl_circualtion_insights', 'ncau-data-newsquery-prd.prstn_finance.v_calendar_dim']",2,14,60,4
6e8b534b-485a-48dd-842d-13dc6bebb01a,SuperCoach Subscriptions,ncau-data-newsquery-prd.prstn_consumer_views.v_subscription_movement,consumer,7,6,6,daily,transactional,"['movement_date', 'masthead', 'subscription_movement_count_type', 'source_masthead', 'sold_in_rate_plan_code', 'subscriber_id_src']",01/07/2024 to 18/08/2024,"['01/07/2024', '19/08/2024']","[""'SC'"", ""'acquisition'"", ""'SC_SDO_AP24AM12'"", ""'SC_SDO_AP20AM12'"", '2452260', ""'CS'""]","['dates should be parameterised or use relative date functions', 'masthead codes should use a reference table', 'subscription movement types should use a reference table', 'rate plan codes should use a reference table', 'subscriber IDs should be dynamic or parameterised for specific analysis', 'source masthead codes should use a reference table']",45,['ncau-data-newsquery-prd.prstn_consumer_views.v_subscription_movement'],1,2,6,6
