record_id,record_type,dashboard_id,dashboard_name,business_domain,complexity_score,consolidation_score,total_metrics,total_governance_issues,full_context
52c11c9c-052a-4e45-9cda-8fecd87d7964_summary,dashboard_summary,52c11c9c-052a-4e45-9cda-8fecd87d7964,Team Sales Performance - FY26 (Interim)(with Pluto Reporting Date),sales,8,9,7,0,"Dashboard 'Team Sales Performance - FY26 (Interim)(with Pluto Reporting Date)' is in the sales domain. It has a complexity score of 8 and a consolidation score of 9. It contains 7 metrics in total. Key metrics include:\n- Current FY Gross Revenue: Total gross revenue for the current fiscal year, based on billed or booked transactions, excluding specific composite and agency types. This metric is derived from the 'adsales_revenue_performance_daily' table.\n- Current FY Gross Revenue (000s): Total gross revenue for the current fiscal year, expressed in thousands, based on billed or booked transactions, excluding specific composite and agency types. This metric is derived from the 'adsales_revenue_performance_daily' table.\n- Next FY Gross Revenue: Total gross revenue projected for the next fiscal year, based on billed or booked transactions, excluding specific composite and agency types. This metric is derived from the 'adsales_revenue_performance_daily' table.\n- Next FY Gross Revenue (000s): Total gross revenue projected for the next fiscal year, expressed in thousands, based on billed or booked transactions, excluding specific composite and agency types. This metric is derived from the 'adsales_revenue_performance_daily' table.\n- Programmatic/Digital Revenue (Current FY): Gross revenue for the current fiscal year specifically from programmatic or digital 'other' revenue types (Outstream, Xtend, Edmedia, Ecommerce) or specific date conditions, based on billed or booked transactions. This metric is derived from the 'adsales_revenue_performance_daily' table."
d3bcf796-2396-4a6f-b0a3-da0b7f299a58_summary,dashboard_summary,d3bcf796-2396-4a6f-b0a3-da0b7f299a58,Publisher and Product Performance Dashboard - FY25 v2,advertising,6,8,10,0,"Dashboard 'Publisher and Product Performance Dashboard - FY25 v2' is in the advertising domain. It has a complexity score of 6 and a consolidation score of 8. It contains 10 metrics in total. Key metrics include:\n- Advertiser Group: Categorization of advertisers for reporting and analysis.\n- Product Group: Grouping of products or services offered, used for filtering and segmentation.\n- Financial Ad Type Name: The name of the financial advertising type.\n- Unified Publication Name: The standardized name of the publication.\n- Financial Week: The financial week number, used for time-based analysis."
bb49fa78-5abe-4e68-a9c1-8172a832e724_summary,dashboard_summary,bb49fa78-5abe-4e68-a9c1-8172a832e724,optimization,finance,8,8,9,0,"Dashboard 'optimization' is in the finance domain. It has a complexity score of 8 and a consolidation score of 8. It contains 9 metrics in total. Key metrics include:\n- Budget Earned Amount - Current Week: The total Budget Earned Amount for the current fiscal week and fiscal year, filtered by 'Digital Recognition' and excluding 'Discontinued' masthead groups. The 'current week' is dynamically calculated based on a fixed date (2025-03-26) relative to a base date (2024-07-03).\n- Closing Base - Current Week: The total Closing Base for the current fiscal week and fiscal year, filtered by 'Digital Recognition' and excluding 'Discontinued' masthead groups. The 'current week' is dynamically calculated based on a fixed date (2025-03-26) relative to a base date (2024-07-03).\n- Opening Base - Current Week: The total Opening Base for the current fiscal week and fiscal year, filtered by 'Digital Recognition' and excluding 'Discontinued' masthead groups. The 'current week' is dynamically calculated based on a fixed date (2025-03-26) relative to a base date (2024-07-03).\n- Earned Amount - Current Week: The total Earned Amount for the current fiscal week and fiscal year, filtered by 'Digital Recognition' and excluding 'Discontinued' masthead groups. The 'current week' is dynamically calculated based on a fixed date (2025-03-26) relative to a base date (2024-07-03).\n- Net Change - Previous Year Current Week: The net change (Closing Base - Opening Base) for the previous fiscal year (2024) for the current fiscal week, filtered by 'Digital Recognition' and excluding 'Discontinued' masthead groups. The 'current week' is dynamically calculated based on a fixed date (2025-03-26) relative to a base date (2024-07-03)."
6de90f2a-b3f3-46fe-a4fe-13474b2d6618_summary,dashboard_summary,6de90f2a-b3f3-46fe-a4fe-13474b2d6618,PACMAN AND EXCLUDE LOD,finance,8,7,12,0,"Dashboard 'PACMAN AND EXCLUDE LOD' is in the finance domain. It has a complexity score of 8 and a consolidation score of 7. It contains 12 metrics in total. Key metrics include:\n- Product Revenue (Exclude LOD): Total product revenue from the 'exclude product L3 and L4' dataset.\n- Product Revenue Merged OneRow (Exclude LOD): Total product revenue from the 'exclude product L3 and L4' dataset, specifically from the 'Product_Revenue_Merged_OneRow' column, which might represent a consolidated or adjusted revenue figure.\n- Product Revenue (PACMAN): Total product revenue from the 'PACMAN running expense' dataset, without any specific fiscal year filter.\n- Product Revenue (PACMAN, FY 2025): Total product revenue from the 'PACMAN running expense' dataset, specifically filtered for Fiscal Year 2025.\n- Fiscal Year Sum (Exclude LOD): The sum of fiscal year values from the 'exclude product L3 and L4' dataset. Note: Summing fiscal years is an unusual aggregation and might indicate a misconfiguration or a specific use case (e.g., counting records per year, where the year itself is the value)."
d7412673-0af1-4efe-8374-ca475b001fb6_summary,dashboard_summary,d7412673-0af1-4efe-8374-ca475b001fb6,Finance OS datasource template report,finance,7,8,3,0,"Dashboard 'Finance OS datasource template report' is in the finance domain. It has a complexity score of 7 and a consolidation score of 8. It contains 3 metrics in total. Key metrics include:\n- Record Count by Source System: Counts the number of records for each source system within the aggregated finance data, considering the active fiscal periods.\n- Total Actual Amount by Fiscal Year and Source System: Calculates the sum of actual financial amounts, broken down by fiscal year and the source system, for active fiscal periods.\n- Total Actual Amount by Source System: Calculates the sum of actual financial amounts, broken down by the source system, for active fiscal periods."
a1b901e6-c4fb-44bc-955a-3a7070c15829_summary,dashboard_summary,a1b901e6-c4fb-44bc-955a-3a7070c15829,Revenue Movement,finance,8,9,20,0,"Dashboard 'Revenue Movement' is in the finance domain. It has a complexity score of 8 and a consolidation score of 9. It contains 20 metrics in total. Key metrics include:\n- Gross Amount Difference (Sum): The sum of the gross amount difference for revenue movements. This is the primary financial measure.\n- Digital Gross Amount Difference (Sum): The sum of gross amount difference specifically for digital revenue types.\n- Print Gross Amount Difference (Sum): The sum of gross amount difference specifically for print revenue types.\n- Revenue Channel Type: Categorization of revenue based on Xtend flag, programmatic indicators, or revenue sub-type.\n- Advertiser Group Display: Advertiser group name, defaulting to 'Nah' if null."
87651b69-c43e-471f-9c4b-98df1208a844_summary,dashboard_summary,87651b69-c43e-471f-9c4b-98df1208a844,Programmatic Sales Patches ,advertising,3,7,10,0,"Dashboard 'Programmatic Sales Patches ' is in the advertising domain. It has a complexity score of 3 and a consolidation score of 7. It contains 10 metrics in total. Key metrics include:\n- Gross Revenue - The Smith Family: The total gross revenue generated specifically from the advertiser 'The Smith Family *'.\n- DSP: A list of unique Demand-Side Platforms (DSPs) associated with programmatic advertising data.\n- Source: A list of unique sources from which programmatic advertising data originates.\n- Paid Impressions - Guaranteed, Chemist Warehouse, Jun 2025: The total number of paid impressions for 'Guaranteed' transaction types from 'Chemist Warehouse *' for June 2025.\n- Gross Revenue - Guaranteed, Chemist Warehouse, Jun 2025: The total gross revenue for 'Guaranteed' transaction types from 'Chemist Warehouse *' for June 2025."
8956e94b-f6d1-46a3-9c7f-87a91fbe98b5_summary,dashboard_summary,8956e94b-f6d1-46a3-9c7f-87a91fbe98b5,LODs,advertising,7,9,5,0,"Dashboard 'LODs' is in the advertising domain. It has a complexity score of 7 and a consolidation score of 9. It contains 5 metrics in total. Key metrics include:\n- Current FY Gross Revenue: Total gross revenue amount for the current financial year, based on the relative fiscal year offset (relative_fy_year_offset = 0).\n- Current FY Pipeline: Total pipeline amount for the current financial year, based on the relative fiscal year offset (relative_fy_year_offset = 0).\n- Total Pipeline: Total pipeline amount across all relevant financial years (relative_fy_year_offset -1, 0, 1), including null values as zero.\n- Is Digital Other Sales Segment: A boolean flag (1 for true, 0 for false) indicating if the sales segment is 'Digital Other' within the grouped data. Calculated as the maximum value of the boolean expression.\n- Revenue Type (XTEND/Other): A categorical dimension that reclassifies revenue types: 'XTEND' if the xtend_flag is 'Y', otherwise uses the original revenue_type."
5491badf-5ec0-4b4f-a427-b12a3a3395dd_summary,dashboard_summary,5491badf-5ec0-4b4f-a427-b12a3a3395dd,Programmatic / Tubi Performance FY25,finance,9,9,31,0,"Dashboard 'Programmatic / Tubi Performance FY25' is in the finance domain. It has a complexity score of 9 and a consolidation score of 9. It contains 31 metrics in total. Key metrics include:\n- Total Gross Revenue (Current Fiscal Year): The sum of all gross revenue for the current fiscal year, across all categories.\n- Total Gross Revenue (Previous Fiscal Year): The sum of all gross revenue for the previous fiscal year, across all categories.\n- Total Gross Revenue (Current Fiscal Year, February): The sum of all gross revenue for February of the current fiscal year, across all categories.\n- Total Gross Revenue (Previous Fiscal Year, February): The sum of all gross revenue for February of the previous fiscal year, across all categories.\n- Programmatic/Tubi Gross Revenue (Current Fiscal Year): The sum of gross revenue for the current fiscal year, specifically for 'TUBI', 'PERFORMANCE' categories, or 'PROGRAMMATIC SOURCE' subtype. This is a filtered total."
a8fe6bb0-3cbf-4d6e-8838-fa6e6dce447f_summary,dashboard_summary,a8fe6bb0-3cbf-4d6e-8838-fa6e6dce447f,Pacing Dashboard,advertising,8,7,8,0,"Dashboard 'Pacing Dashboard' is in the advertising domain. It has a complexity score of 8 and a consolidation score of 7. It contains 8 metrics in total. Key metrics include:\n- Financial Period (Static Days) - Kargo: A dimension representing the financial period (YearMonth) combined with a static number of days, filtered for 'Kargo' source and current month flag. Used for filtering and grouping data.\n- Financial Period (Actual Days) - Non-AdX: A dimension representing the financial period (YearMonth) combined with the actual number of days in the month, filtered for non-'AdX' sources and current month flag. Used for filtering and grouping data.\n- Transaction Type: A dimension representing the type of transaction. Used for filtering and grouping data.\n- Buyer - Kargo: A dimension representing the buyer, filtered for 'Kargo' source. Used for filtering and grouping data.\n- Product Type: A dimension representing the type of product. Used for filtering and grouping data."
4d22b4c2-4bb3-49db-a0c1-4d46d4fba101_summary,dashboard_summary,4d22b4c2-4bb3-49db-a0c1-4d46d4fba101,Copy of Acquisitions - Extracts,finance,9,9,11,0,"Dashboard 'Copy of Acquisitions - Extracts' is in the finance domain. It has a complexity score of 9 and a consolidation score of 9. It contains 11 metrics in total. Key metrics include:\n- Total Records (Digital B2C, The Australian & Prestige, FY2025): The total count of records (likely representing acquisitions or movements) filtered for Digital Subscriptions, B2C segment, The Australian and Prestige masthead group, for Fiscal Year 2025, with a valid acquisition source and not 'op' table_nm.\n- Sum of Acquisition Count (Digital B2C, The Australian & Prestige, FY2025): The sum of the 'acquisition_count' metric, filtered for Digital Subscriptions, B2C segment, The Australian and Prestige masthead group, for Fiscal Year 2025, with a valid acquisition source and not 'op' table_nm.\n- Sum of Free to Paid Conversions (Digital B2C, The Australian & Prestige, FY2025): The sum of the 'free_to_paid_conversion_count' metric, filtered for Digital Subscriptions, B2C segment, The Australian and Prestige masthead group, for Fiscal Year 2025, with a valid acquisition source and not 'op' table_nm.\n- Sum of 30-Day Reactivations (Digital B2C, The Australian & Prestige, FY2025): The sum of the 'reactivation_30day_acquisition_count' metric, filtered for Digital Subscriptions, B2C segment, The Australian and Prestige masthead group, for Fiscal Year 2025, with a valid acquisition source and not 'op' table_nm.\n- Sum of Switch Acquisitions (Digital B2C, The Australian & Prestige, FY2025): The sum of the 'switch_acquisition_count' metric, filtered for Digital Subscriptions, B2C segment, The Australian and Prestige masthead group, for Fiscal Year 2025, with a valid acquisition source and not 'op' table_nm."
155c4518-72bf-4309-a0e9-240dd564f421_summary,dashboard_summary,155c4518-72bf-4309-a0e9-240dd564f421,Portfolio Performance Dashboard,advertising,8,9,10,0,"Dashboard 'Portfolio Performance Dashboard' is in the advertising domain. It has a complexity score of 8 and a consolidation score of 9. It contains 10 metrics in total. Key metrics include:\n- Gross Revenue Current Fiscal Year: Total gross revenue generated in the current fiscal year.\n- Gross Revenue Last Fiscal Year: Total gross revenue generated in the previous fiscal year.\n- Target Current Fiscal Year: The financial target set for the current fiscal year.\n- Digital Revenue Last Fiscal Year (Filtered): Gross revenue from digital sources in the last fiscal year, subject to specific date and category filters (Digital Other, not Doubleclick, etc.). This metric is used for specific reporting periods and digital segments.\n- Gross Revenue Current Fiscal Year Current Quarter: Total gross revenue generated in the current quarter of the current fiscal year."
c441950c-1e3f-432c-9838-847d1d315b9e_summary,dashboard_summary,c441950c-1e3f-432c-9838-847d1d315b9e,Circulation Insights for Analysis,finance,7,8,11,0,"Dashboard 'Circulation Insights for Analysis' is in the finance domain. It has a complexity score of 7 and a consolidation score of 8. It contains 11 metrics in total. Key metrics include:\n- Fiscal Week ID: Identifier for the fiscal week.\n- Sales Channel Level 4: Fourth level of sales channel categorization.\n- Scenario: Scenario type (e.g., Estimate, Actual).\n- Returns Route Volume: The volume of routes categorized as 'RETURNS'.\n- Day of Week: The day of the week for the charge date."
80ca81f3-0671-40ef-a0a9-825a1580ca1b_summary,dashboard_summary,80ca81f3-0671-40ef-a0a9-825a1580ca1b,Team Sales Performance,sales,8,7,14,0,"Dashboard 'Team Sales Performance' is in the sales domain. It has a complexity score of 8 and a consolidation score of 7. It contains 14 metrics in total. Key metrics include:\n- Gross Revenue (Base): The raw gross revenue amount before any specific filtering or adjustments.\n- Gross Revenue - Previous FY: Gross revenue for the previous financial year, based on the 'relative_fy_year_offset' field being -1.\n- Gross Revenue - Current FY: Gross revenue for the current financial year, based on the 'relative_fy_year_offset' field being 0.\n- Gross Revenue - Previous FY (K Adjusted): Gross revenue for the previous financial year, divided by 1000 (K adjusted). The original query's parameter for this adjustment ('$\'000' = '$') evaluates to FALSE, so the division by 1000 is always applied.\n- Gross Revenue - Current FY (K Adjusted): Gross revenue for the current financial year, divided by 1000 (K adjusted). The original query's parameter for this adjustment ('$\'000' = '$') evaluates to FALSE, so the division by 1000 is always applied."
4d8074b2-17a8-48ba-babe-c536359b1f64_summary,dashboard_summary,4d8074b2-17a8-48ba-babe-c536359b1f64,Final_Draft Adsales Performance Dashboard - FY25 20241127,sales,8,8,26,0,"Dashboard 'Final_Draft Adsales Performance Dashboard - FY25 20241127' is in the sales domain. It has a complexity score of 8 and a consolidation score of 8. It contains 26 metrics in total. Key metrics include:\n- Product Group: The product grouping for the advertisement.\n- Unified Publication Name: The unified name of the publication where the ad appeared.\n- Publishing Division Parent: The parent division responsible for the publication.\n- Sales Segment GM Name Sync: The synchronized sales segment name for General Managers.\n- Financial Short Month (Mapped): The financial month, mapped to a sortable string (e.g., '1.Jul', '2.Aug')."
a17622e2-ad43-49cc-b3c5-19c95036fd14_summary,dashboard_summary,a17622e2-ad43-49cc-b3c5-19c95036fd14,Advertising Rebates Dashboard,advertising,7,8,22,0,"Dashboard 'Advertising Rebates Dashboard' is in the advertising domain. It has a complexity score of 7 and a consolidation score of 8. It contains 22 metrics in total. Key metrics include:\n- Gross Revenue Excl. Adjustment (Total): Total gross revenue excluding adjustments, filtered by common dashboard criteria for 'Booked'/'Billed' status, specific publishing divisions, revenue types, and revenue group subtypes for the year 2025.\n- Gross Revenue Excl. Adjustment (Rebate 3 Filtered): Total gross revenue excluding adjustments, specifically for transactions where Rebate 3 amount is not zero, filtered by common dashboard criteria for 'Booked'/'Billed' status, specific publishing divisions, revenue types, and revenue group subtypes for the year 2025.\n- Gross Revenue Excl. Adjustment (Rebate 2 Filtered): Total gross revenue excluding adjustments, specifically for transactions where Rebate 2 amount is not zero, filtered by common dashboard criteria for 'Booked'/'Billed' status, specific publishing divisions, revenue types, and revenue group subtypes for the year 2025.\n- Gross Revenue Excl. Adjustment (Account 4039072): Total gross revenue excluding adjustments for a specific account ('4039072'), filtered by common dashboard criteria for 'Booked'/'Billed' status, specific publishing divisions, revenue types, and revenue group subtypes for the year 2025.\n- Gross Revenue Excl. Adjustment (Rebate 3 Filtered, Oct 2025): Total gross revenue excluding adjustments for October 2025, specifically for transactions where Rebate 3 amount is not zero, filtered by common dashboard criteria."
783f341c-8660-4e90-bab8-9bc860119cf5_summary,dashboard_summary,783f341c-8660-4e90-bab8-9bc860119cf5,Deals Dashboard,advertising,8,6,5,0,"Dashboard 'Deals Dashboard' is in the advertising domain. It has a complexity score of 8 and a consolidation score of 6. It contains 5 metrics in total. Key metrics include:\n- Total Revenue Net by Month and Source (Filtered by Advertiser, FY/Q): The sum of net revenue, grouped by the adjusted financial month and source, specifically for 'The Smith Family *' advertiser, within FY25 Q2-Q4, and for specific sources (DFP, Index Exchange, Rubicon). Dates are adjusted by subtracting 6 months from the financial year/month date.\n- Total Revenue Net by Source (Filtered by Transaction Type): The sum of net revenue, grouped by source, filtered to include specific transaction types (DEAL, UFR, PG - CPD, PG - CPM, DIRECT) and a predefined list of sources.\n- Buyer List (Filtered by Advertiser, FY/Q, Month): A list of unique buyers, filtered by specific transaction types, financial quarter (FY25 Q4), a specific month (May 2025), and specific advertisers ('Kmart Corporation *', 'Target Corporation *').\n- Total Revenue Net by Month and Source (Filtered by Transaction Type, Wide Date Range): The sum of net revenue, grouped by the adjusted financial month and source, filtered by specific transaction types and a wide range of adjusted financial months (April 2023 to April 2025). Dates are adjusted by subtracting 6 months from the financial year/month date.\n- Buyer List (Filtered by Advertiser including Myer, FY/Q, Month): A list of unique buyers, filtered by specific transaction types, financial quarter (FY25 Q4), a specific month (May 2025), and specific advertisers ('Kmart Corporation *', 'Myer *', 'Target Corporation *'). This is a variation of the previous buyer list with an additional advertiser."
f65a9149-93b4-4aa9-aef6-d12002853222_summary,dashboard_summary,f65a9149-93b4-4aa9-aef6-d12002853222,Digital Video Content Audio,advertising,7,8,6,0,"Dashboard 'Digital Video Content Audio' is in the advertising domain. It has a complexity score of 7 and a consolidation score of 8. It contains 6 metrics in total. Key metrics include:\n- Total Gross Revenue for Video Ad Types (FY2025): The sum of gross revenue for 'Booked' or 'Billed' transactions, specifically for video-related ad types, excluding certain internal/admin publications and 'Medium Rare Content Agency', for the financial year 2025.\n- Sales Segment L2 Name by Filtered Ad Types: A dimension representing the sales segment level 2 name, filtered for 'Booked' or 'Billed' transactions, excluding 'Medium Rare Content Agency', and including various audio, events, rich media, social display, standard display, and TTIV ad types.\n- Booking Number for Content/Native Ad Types (FY2025-2026): A dimension representing unique booking numbers for content discovery and native ad types for financial years 2025 and 2026.\n- Sort Caption for Content/Native/Integration Ad Types (FY2025): A dimension representing the sort caption, filtered for content discovery, content integration, and native ad types for financial year 2025.\n- Ad Size Name by Filtered Ad Types (FY2025): A dimension representing the ad size name, filtered for 'Booked' or 'Billed' transactions, excluding 'Medium Rare Content Agency', and including various audio, events, native, rich media, social display, standard display, and TTIV ad types for financial year 2025."
77c68c35-20ce-477a-b216-0c781d43a8ca_summary,dashboard_summary,77c68c35-20ce-477a-b216-0c781d43a8ca,Cecile - Adsales Adhoc Analysis,advertising,7,9,7,0,"Dashboard 'Cecile - Adsales Adhoc Analysis' is in the advertising domain. It has a complexity score of 7 and a consolidation score of 9. It contains 7 metrics in total. Key metrics include:\n- Gross Revenue (Booked/Billed, ADPT, FY2025, Excl. MRCA, Excl. Zero/Near Zero, Invoice -1): Total gross revenue for financial year 2025 from ADPT source system, for booked or billed transactions, excluding Medium Rare Content Agency, excluding near-zero amounts, and specifically for invoice number '-1'.\n- Gross Revenue (Booked/Billed, PLUTO/CPQ/ADPT, FY2025, Excl. MRCA, Invoice -1): Total gross revenue for financial year 2025 from PLUTO, CPQ, or ADPT source systems, for booked or billed transactions, excluding Medium Rare Content Agency, and specifically for invoice number '-1'.\n- Sum of Financial Week (Booked/Billed, PLUTO/CPQ/ADPT, FY2025, Excl. MRCA, Invoice -1): The sum of financial week numbers for financial year 2025 from PLUTO, CPQ, or ADPT source systems, for booked or billed transactions, excluding Medium Rare Content Agency, and specifically for invoice number '-1'. (Note: Summing week numbers is an unusual aggregation, but directly reflects the source query.)\n- Record Count (Finance Operating Statement, Fiscal Week 202548-51): Total number of records in the finance operating statement for specific fiscal weeks (202548, 202549, 202550, 202551).\n- Distinct Data Load Datetime (Non-Digital Revenue): Distinct data load datetimes, truncated to the second, for revenue transactions that are not classified as 'Digital' revenue."
f353b933-30eb-4853-9976-0d35371db7d7_summary,dashboard_summary,f353b933-30eb-4853-9976-0d35371db7d7,Month End Reporting Reconcilation,finance,3,7,13,0,"Dashboard 'Month End Reporting Reconcilation' is in the finance domain. It has a complexity score of 3 and a consolidation score of 7. It contains 13 metrics in total. Key metrics include:\n- Actual Amount (Base): The base financial amount representing actuals, budgets, or forecasts, depending on the 'scenario' dimension.\n- Estimated Actual Amount (Jan 2025): The actual amount specifically filtered for fiscal year 2025, January, and a 'Estimate' scenario, likely representing a specific budget or forecast view.\n- GL Reconciliation Record Count: The total number of records in the GL reconciliation dataset, often used to track volume or completeness.\n- GL Reconciliation Month Number Sum: The sum of fiscal month numbers from the GL reconciliation dataset. This is an unusual metric, potentially used for internal Looker Studio calculations or specific data validation.\n- OS Level 4: A categorical dimension representing an organizational structure level 4."
6f1c8731-02da-464f-b146-bf2947860735_summary,dashboard_summary,6f1c8731-02da-464f-b146-bf2947860735,Programmatic Sales_NQ Data,advertising,7,8,4,0,"Dashboard 'Programmatic Sales_NQ Data' is in the advertising domain. It has a complexity score of 7 and a consolidation score of 8. It contains 4 metrics in total. Key metrics include:\n- Gross Revenue (Independent Agencies NSW, Non-Guaranteed): Total gross revenue generated from 'INDEPENDENT AGENCIES NSW' portfolio parent group, excluding 'Guaranteed' transaction types.\n- Gross Revenue (VIC KA A2): Total gross revenue generated specifically for the 'VIC KA A2' portfolio child group.\n- Unique DSPs (FY2025 Q4, VIC/NSW, Amazon, May 2025, Non-Open Auction): Count of distinct DSPs for FY2025 Q4, specific VIC/NSW portfolio child groups, 'Amazon.com *' advertiser, May 2025 calendar month, and excluding 'Open Auction' transaction types.\n- Gross Revenue (FY2025 Q4, VIC/NSW, Amazon, May 2025, Non-Open Auction): Total gross revenue for FY2025 Q4, specific VIC/NSW portfolio child groups, 'Amazon.com *' advertiser, May 2025 calendar month, and excluding 'Open Auction' transaction types."
e9d8a216-4950-4d30-b344-5011776edbdf_summary,dashboard_summary,e9d8a216-4950-4d30-b344-5011776edbdf,Adex Report,advertising,8,8,7,0,"Dashboard 'Adex Report' is in the advertising domain. It has a complexity score of 8 and a consolidation score of 8. It contains 7 metrics in total. Key metrics include:\n- Spend - Rolling 12 Months (Digital): Total advertising spend for 'Digital' media group over the last 12 months, ending on the latest available date in the dataset, grouped by month.\n- Spend - Current Period (Aug 2022 - Jun 2023): Total advertising spend for a fixed 'current' period (August 2022 to June 2023).\n- Spend - Comparison Period (Aug 2023 - Jun 2024): Total advertising spend for a fixed 'comparison' period (August 2023 to June 2024).\n- Spend - News Corp (Current Period): Total advertising spend for 'NEWS CORP' media network during the current period (August 2022 to June 2023).\n- Spend - News Corp (Comparison Period): Total advertising spend for 'NEWS CORP' media network during the comparison period (August 2023 to June 2024)."
57d87efe-c112-4d42-be1b-045f0c8ca73e_summary,dashboard_summary,57d87efe-c112-4d42-be1b-045f0c8ca73e,Commercial Finance Scorecards,finance,9,9,130,0,"Dashboard 'Commercial Finance Scorecards' is in the finance domain. It has a complexity score of 9 and a consolidation score of 9. It contains 130 metrics in total. Key metrics include:\n- Always-on Digital Sales (Budget): The budgeted value for always-on digital sales for a specific fiscal week (Week 31, FY2025).\n- Always-on Digital Sales (Actuals): The actual value for always-on digital sales for a specific fiscal week (Week 38, FY2025).\n- Always-on Digital Sales (Current Period): The value for always-on digital sales for a specific fiscal week (Week 38, FY2025).\n- Always-on Digital Sales (6-Week Rolling): The sum of always-on digital sales over a 6-week rolling period (Weeks 26-31, FY2025).\n- Always-on Digital Sales (Aggregated by Week/Year): Always-on digital sales aggregated by fiscal week and year."
f7a9efeb-df3c-45c9-899d-0bcada701572_summary,dashboard_summary,f7a9efeb-df3c-45c9-899d-0bcada701572,Salaries & Wages Dashboard UAT Version,finance,6,8,6,0,"Dashboard 'Salaries & Wages Dashboard UAT Version' is in the finance domain. It has a complexity score of 6 and a consolidation score of 8. It contains 6 metrics in total. Key metrics include:\n- Total Amount by FY Week: The sum of 'amount' grouped by fiscal year week number, representing total financial value.\n- Total Volume by FY Week: The sum of 'volume' grouped by fiscal year week number, representing total quantity.\n- Amount for Revenue Type '03' by FY Week: The sum of 'amount' specifically for records where the 'revenue_type' starts with '03', grouped by fiscal year week number.\n- Volume for Revenue Type '03' by FY Week: The sum of 'volume' specifically for records where the 'revenue_type' starts with '03', grouped by fiscal year week number.\n- Total Amount by Revenue Type: The sum of 'amount' grouped by the full 'revenue_type', providing a breakdown of financial value by revenue category."
601ed0d2-e944-4189-8170-d593c8e72026_summary,dashboard_summary,601ed0d2-e944-4189-8170-d593c8e72026,Adex,advertising,9,9,12,0,"Dashboard 'Adex' is in the advertising domain. It has a complexity score of 9 and a consolidation score of 9. It contains 12 metrics in total. Key metrics include:\n- Spend (000s) - This Year (Rolling 12 Months): Total advertising spend for the 'This Year' period, defined as the last 12 months ending on the latest available date in the dataset, expressed in thousands of currency units.\n- Spend (000s) - Last Year (Rolling 12 Months): Total advertising spend for the 'Last Year' period, defined as the 12 months prior to the 'This Year' rolling period (i.e., months 12-23 before the latest available date), expressed in thousands of currency units.\n- Spend (000s) - This Year (Calendar Year): Total advertising spend for the current calendar year up to the latest available date, expressed in thousands of currency units.\n- Spend (000s) - Last Year (Calendar Year): Total advertising spend for the previous calendar year, expressed in thousands of currency units.\n- Spend (000s) - This Year (Financial Year): Total advertising spend for the current financial year (starting July 1st) up to the latest available date, expressed in thousands of currency units."
61f1feb4-fc3e-4bee-b987-84c86cfe6425_summary,dashboard_summary,61f1feb4-fc3e-4bee-b987-84c86cfe6425,Digital - Publications and Products Monthly ,advertising,6,8,7,0,"Dashboard 'Digital - Publications and Products Monthly ' is in the advertising domain. It has a complexity score of 6 and a consolidation score of 8. It contains 7 metrics in total. Key metrics include:\n- Adjusted Revenue Type: A derived categorization of revenue type, adjusting for the XTEND flag. If XTEND flag is 'Y', it's 'XTEND', otherwise it's the original revenue_type.\n- Revenue Category: A further derived categorization of 'Adjusted Revenue Type' into broader categories like 'DIGITAL (excl.XTEND)', 'PRINT', or 'XTEND ONLY'.\n- Unified Publication Name (Digital/Programmatic): A list of unique unified publication names, filtered for financial years 2024 or 2025 and specific digital/programmatic revenue group subtypes.\n- Revenue Group Subtype (Digital excl. XTEND): A list of unique revenue group subtypes, filtered for financial years 2024 or 2025 and where the 'Revenue Category' is 'DIGITAL (excl.XTEND)'.\n- Revenue Group Subtype (Digital - Case Insensitive): A list of unique revenue group subtypes, filtered for financial years 2024 or 2025 and where the 'Revenue Category' is 'digital' (case-insensitive)."
4bd7954c-5a94-4fb6-92e1-ed152b1cf7b3_summary,dashboard_summary,4bd7954c-5a94-4fb6-92e1-ed152b1cf7b3,Copy of Interim Adsales Performance Dashboard for FY26,advertising,9,9,10,0,"Dashboard 'Copy of Interim Adsales Performance Dashboard for FY26' is in the advertising domain. It has a complexity score of 9 and a consolidation score of 9. It contains 10 metrics in total. Key metrics include:\n- Current FY Gross Revenue: Total gross revenue for the current financial year. This metric is displayed in raw currency units.\n- Current FY Gross Revenue (in Thousands): Total gross revenue for the current financial year, expressed in thousands of currency units. This metric is displayed when a specific dashboard parameter is set.\n- Previous FY Gross Revenue: Total gross revenue for the previous financial year. This metric is displayed in raw currency units.\n- Previous FY Gross Revenue (in Thousands): Total gross revenue for the previous financial year, expressed in thousands of currency units. This metric is displayed when a specific dashboard parameter is set.\n- Conditional Current FY Gross Revenue: Gross revenue for the current financial year, conditional on either the unified publication name being one of 'OUTSTREAM', 'XTEND', 'EDMEDIA', 'ECOMMERCE' OR the booking/fix date being before the previous year's reference date. This metric is displayed in raw currency units."
6a26c78f-0070-4fb3-88b8-691ee4a4485a_summary,dashboard_summary,6a26c78f-0070-4fb3-88b8-691ee4a4485a,Circ Budget Revenue Weekly Report,finance,9,9,12,0,"Dashboard 'Circ Budget Revenue Weekly Report' is in the finance domain. It has a complexity score of 9 and a consolidation score of 9. It contains 12 metrics in total. Key metrics include:\n- Total Budget Volume: The total budgeted volume for circulation, filtered by common dashboard criteria (Circulation, excluding Free News & Lifestyle, Food, Prestige, and for FY2025).\n- Budget Volume (Past Weeks): The total budgeted volume for weeks prior to the current fiscal week (relative_fisc_week_number < 0), filtered by common dashboard criteria.\n- Volume vs. Budget Variance (Past Weeks): The variance between actual volume and budgeted volume for weeks prior to the current fiscal week (relative_fisc_week_number < 0), filtered by common dashboard criteria.\n- Total Volume: The total actual volume for circulation, filtered by common dashboard criteria.\n- Budget Amount (Past Weeks): The total budgeted amount for weeks prior to the current fiscal week (relative_fisc_week_number < 0), filtered by common dashboard criteria."
3ee20092-1897-49b7-8bcd-4157d5f816eb_summary,dashboard_summary,3ee20092-1897-49b7-8bcd-4157d5f816eb,AdSales Data for Pacing Report ,advertising,6,7,6,0,"Dashboard 'AdSales Data for Pacing Report ' is in the advertising domain. It has a complexity score of 6 and a consolidation score of 7. It contains 6 metrics in total. Key metrics include:\n- Financial Year (Sundry Adsales Overlay): Distinct financial years where the revenue group subtype is 'SUNDRY ADSALES OVERLAY'. Used for filtering or selecting relevant financial periods.\n- Gross Revenue Amount (Nova Entertainment, FY2025): Total gross revenue for 'Nova Entertainment Pty Ltd' in Financial Year 2025, excluding 'PRODUCTION' style, across 'DIGITAL', 'PRINT', and 'SUNDRY ADSALES OVERLAY' revenue types, broken down by financial year and numerical month.\n- Revenue Group Subtype (FY2025): Distinct revenue group subtypes available for Financial Year 2025. Used for filtering or selecting revenue categories.\n- Gross Revenue Amount (Digital, Filtered Weeks): Total gross revenue for 'DIGITAL' revenue group subtype, excluding 'PRODUCTION' style, specific internal/admin publications, and financial weeks 47-52 (or NULL weeks), for Financial Years 2024 and 2025, broken down by financial ad type name, financial year, and financial week.\n- Financial Week (Digital, FY2024): Distinct financial weeks for 'DIGITAL' revenue group subtype in Financial Year 2024. Used for filtering or selecting specific weeks."
b9dfd2f4-92fa-4f81-a5b1-17de880470f9_summary,dashboard_summary,b9dfd2f4-92fa-4f81-a5b1-17de880470f9,Contra Report,advertising,8,8,18,0,"Dashboard 'Contra Report' is in the advertising domain. It has a complexity score of 8 and a consolidation score of 8. It contains 18 metrics in total. Key metrics include:\n- Current Portfolio Conformed Owner: The full name of the current owner of the conformed portfolio, defaulting to 'VACANT' if null, for 'Contra' advertisers.\n- Portfolio Owner (Contra, Renee Sycamore): The portfolio owner filtered for 'Contra' industry pillar and 'Renee Sycamore' sales segment GM.\n- Gross Revenue Amount: The total gross revenue amount, filtered for 'Contra' advertisers and specific transaction statuses/types.\n- Gross Revenue by Account Group and Key Dimensions: Gross revenue amount grouped by advertiser name, calendar year month, financial month number, financial short month, financial year, portfolio conformed name, revenue type, and a special 'CTR_2023_AFL Sports...' account group.\n- Account Status (ASL): Status of the account (Open/Closed) based on its presence in `contra_sheet_data` with 'Closed' status, for 'Contra' advertisers."
52dd1ac1-19b5-4695-a7e6-632ef7a9dba3_summary,dashboard_summary,52dd1ac1-19b5-4695-a7e6-632ef7a9dba3,Consumer Finance Landing Page,finance,2,2,3,0,"Dashboard 'Consumer Finance Landing Page' is in the finance domain. It has a complexity score of 2 and a consolidation score of 2. It contains 3 metrics in total. Key metrics include:\n- Scenario: Represents the specific type or category of digital subscription scenario.\n- Total Records: The total number of records or rows in the digital subscriptions dataset, representing the overall volume of data.\n- Records by Scenario: The count of records for each distinct digital subscription scenario, providing a breakdown of data volume by scenario type."
23c8b213-a9f0-4158-b8fa-bff14425abb5_summary,dashboard_summary,23c8b213-a9f0-4158-b8fa-bff14425abb5,TM1 NewsQuery Tables,finance,3,2,16,0,"Dashboard 'TM1 NewsQuery Tables' is in the finance domain. It has a complexity score of 3 and a consolidation score of 2. It contains 16 metrics in total. Key metrics include:\n- Added Volume: The volume of new subscriptions or additions recorded.\n- Category Name: The name of the category associated with the subscription or financial record.\n- Closing Base: The total base count at the end of a given period.\n- Earned Amount: The revenue amount earned for a specific period.\n- Fiscal Week ID: The unique identifier for a fiscal week, typically in YYYYWW format."
d05b3d29-4437-4ee5-987a-e0109eb9590e_summary,dashboard_summary,d05b3d29-4437-4ee5-987a-e0109eb9590e,Digi Subsifying,finance,9,8,15,0,"Dashboard 'Digi Subsifying' is in the finance domain. It has a complexity score of 9 and a consolidation score of 8. It contains 15 metrics in total. Key metrics include:\n- Closing Base (Fiscal Week 38, FY2025): The total number of digital subscriptions at the end of Fiscal Week 38 for Fiscal Year 2025, for 'Digital Recognition' mastheads not classified as 'Discontinued', and associated with specific billing systems/rate plans (App Store, Google Play, SWG, Apple Store). This metric is derived from the 'ClosingBase' column where the 'table_union_source' is 'bmasnap_close', 'SC - CODE Manual APLS', or 'SC Manual APLS'.\n- Opening Base (Fiscal Week 38, FY2025): The total number of digital subscriptions at the beginning of Fiscal Week 38 for Fiscal Year 2025, for 'Digital Recognition' mastheads not classified as 'Discontinued', and associated with specific billing systems/rate plans (App Store, Google Play, SWG, Apple Store). This metric is derived from the 'OpeningBase' column where the 'table_union_source' is 'bmasnap_open'.\n- Net Change (Fiscal Week 38, FY2025): The net change in digital subscriptions (Closing Base - Opening Base) for Fiscal Week 38, Fiscal Year 2025, for 'Digital Recognition' mastheads not classified as 'Discontinued', and associated with specific billing systems/rate plans (App Store, Google Play, SWG, Apple Store).\n- Earned Amount (Fiscal Year 2025): The total earned amount for digital subscriptions in Fiscal Year 2025, for 'Digital Recognition' mastheads not classified as 'Discontinued', and associated with specific billing systems/rate plans (App Store, Google Play, SWG, Apple Store). Includes amounts from 'nfmanualhist' (for FY <= 2024) and 'subsnapfact' (for FY > 2024) table union sources.\n- Earned Amount YTD (Fiscal Year 2025): The total earned amount for digital subscriptions year-to-date (Fiscal Week 1 to 22) in Fiscal Year 2025, for 'Digital Recognition' mastheads not classified as 'Discontinued', and associated with specific billing systems/rate plans (App Store, Google Play, SWG, Apple Store). This metric is derived from the 'EarnedAmount' column where the 'table_union_source' is 'subsnapfact'."
b15d856f-e3ce-4991-bf2a-92395390524f_summary,dashboard_summary,b15d856f-e3ce-4991-bf2a-92395390524f,Programmatic Rolling 60 Day Overview_NQ Data,advertising,6,7,3,0,"Dashboard 'Programmatic Rolling 60 Day Overview_NQ Data' is in the advertising domain. It has a complexity score of 6 and a consolidation score of 7. It contains 3 metrics in total. Key metrics include:\n- Total Revenue Net by Transaction Type Group: Total net revenue categorized by a custom grouping of transaction types (Guaranteed, Deal, Open Auction, or original type). This metric is crucial for understanding revenue distribution across different programmatic deal types.\n- Total Revenue Net by Product Type: Total net revenue categorized by the product type. This helps in analyzing revenue performance across different product offerings.\n- SSP Date (MMDD Format): The SSP Date formatted as MonthDay (e.g., 0207 for Feb 7th), used for time-series grouping or filtering, particularly for rolling period analysis where the year is less relevant than the day of the year."
fed70b12-c274-4cde-9920-592ca4c4dab0_summary,dashboard_summary,fed70b12-c274-4cde-9920-592ca4c4dab0,Independent Agency Report,finance,8,9,10,0,"Dashboard 'Independent Agency Report' is in the finance domain. It has a complexity score of 8 and a consolidation score of 9. It contains 10 metrics in total. Key metrics include:\n- Gross Revenue (Current Financial Year): Total gross revenue for the current financial year.\n- Gross Revenue (Previous Financial Year): Total gross revenue for the previous financial year.\n- Gross Revenue (Previous Financial Year Same Period): Gross revenue for the previous financial year up to the same period (date) as the current year, based on booking line created date.\n- Gross Revenue (Previous Financial Year Conditional on Month Offset): Gross revenue for the previous financial year, where the calculation switches between total previous FY revenue and previous FY same period revenue based on whether the financial month offset is more than 12 months in the past.\n- Gross Revenue (Current Cal Year Q4, Managed Service Not Other, Xtend N): Gross revenue for the current calendar year, Q4, for accounts with Managed Service Flag not 'Other' and Xtend Flag 'N'."
b1c5901f-a535-42eb-870d-05cc025f7c27_summary,dashboard_summary,b1c5901f-a535-42eb-870d-05cc025f7c27,OS extract for month end rec,finance,7,8,10,0,"Dashboard 'OS extract for month end rec' is in the finance domain. It has a complexity score of 7 and a consolidation score of 8. It contains 10 metrics in total. Key metrics include:\n- Actual Amount (FY2025, Total Revenue/Expenses, News Media, Week 40) by Dimensions: Total actual financial amount for FY2025, categorized as Total Revenue or Total Expenses, specifically for News Media Publishing, for fiscal week 40, broken down by fiscal week, print/digital flag, L12 publication code, OS Level 6, OS Level 9, and publication name.\n- Budget Amount (FY2025, Total Revenue/Expenses, News Media, Week 40) by Dimensions: Total budget financial amount for FY2025, categorized as Total Revenue or Total Expenses, specifically for News Media Publishing, for fiscal week 40, broken down by fiscal week, print/digital flag, L12 publication code, OS Level 6, OS Level 9, and publication name.\n- Forecast Amount (FY2025, Total Revenue/Expenses, News Media, Week 40) by Dimensions: Total forecast financial amount for FY2025, categorized as Total Revenue or Total Expenses, specifically for News Media Publishing, for fiscal week 40, broken down by fiscal week, print/digital flag, L12 publication code, OS Level 6, OS Level 9, and publication name.\n- Record Count by OS Level 5: Count of records grouped by OS Level 5, providing a breakdown of data volume across this dimension.\n- Fiscal Year (Weeks 40-41): Distinct fiscal years for which data exists for fiscal weeks 40 or 41."
c560ed20-040d-4c6a-9c3f-ec8bce27d132_summary,dashboard_summary,c560ed20-040d-4c6a-9c3f-ec8bce27d132,Xtend Details,advertising,6,7,12,0,"Dashboard 'Xtend Details' is in the advertising domain. It has a complexity score of 6 and a consolidation score of 7. It contains 12 metrics in total. Key metrics include:\n- Total Gross Revenue (2024-2025 FY, Greyhound Racing Victoria): The sum of gross revenue amounts for advertising sales, specifically for 'Greyhound Racing Victoria' for calendar years 2024 and 2025, with billed or booked transactions, excluding 'Medium Rare Content Agency' and focusing on 'Digital' or 'Print' revenue group subtypes.\n- Sum of Calendar Month Values: The sum of numerical representations of calendar months, for all years, with billed or booked transactions, excluding 'Medium Rare Content Agency' and focusing on 'Digital' or 'Print' revenue group subtypes. This metric's business utility is unclear and may indicate a misconfiguration or a highly specific, unusual tracking method.\n- Publication Name (202x FY): Distinct publication names for financial year '202x' (likely 2020 or 2021), with billed or booked revenue, excluding 'Medium Rare Content Agency'.\n- Calendar Month (Filtered for PUIG, excluding 2022): Distinct calendar months, excluding 2022, for specific advertisers ('INTERNAL PUIG Oceania', 'PUIG Oceania'), with billed or booked revenue, excluding 'Medium Rare Content Agency', and 'Digital' or 'Print' revenue subtypes.\n- Calendar Year (All Filtered): Distinct calendar years for billed or booked revenue, excluding 'Medium Rare Content Agency' and focusing on 'Digital' or 'Print' revenue group subtypes."
5dae02f0-dc48-418c-bdf9-5e5d2b1d6e26_summary,dashboard_summary,5dae02f0-dc48-418c-bdf9-5e5d2b1d6e26,Optimizing Digital Subscriptions Report,finance,8,9,23,0,"Dashboard 'Optimizing Digital Subscriptions Report' is in the finance domain. It has a complexity score of 8 and a consolidation score of 9. It contains 23 metrics in total. Key metrics include:\n- Total Digital Subscriptions (All Mastheads): Counts the total number of digital subscriptions across all mastheads, excluding 'Discontinued' mastheads. (Note: Original SQL summed a week number, likely a Looker Studio misconfiguration; this metric assumes a count of records was intended).\n- Fiscal Week and Month Label (FY2025): A concatenated string representing the fiscal year, week number, and corresponding month for FY2025. (Note: The date is fixed in the original query, so this will always return the same string).\n- Comparison Type (Budget): Indicates the comparison type, specifically 'BUD' (Budget).\n- Comparison Type (Forecast): Indicates the comparison type, specifically 'FCT' (Forecast).\n- Gross Cancellations Label: Label indicating 'Gross Cancellations'."
d4d68a71-2b12-4caf-bc6b-96fc2d18a025_summary,dashboard_summary,d4d68a71-2b12-4caf-bc6b-96fc2d18a025,Adsales Details Dashboard,finance,6,8,18,0,"Dashboard 'Adsales Details Dashboard' is in the finance domain. It has a complexity score of 6 and a consolidation score of 8. It contains 18 metrics in total. Key metrics include:\n- Day of Week (Formatted): The day of the week, formatted with leading spaces for specific sorting or display purposes in the dashboard.\n- Account Number: Unique identifier for an account.\n- Financial Year (Selected): The financial year, used as a filter or dimension. This specific metric represents the financial year when the 'Fin' parameter is active.\n- Calendar Year (Selected): The calendar year, used as a filter or dimension. This specific metric represents the calendar year when the 'Fin' parameter is not active.\n- Portfolio Group Name (Current): The current name of the portfolio group, used as a filter or dimension. This specific metric represents the current name when the 'Curr' parameter is active."
e83da1de-4227-43e6-bcc6-73051c66914b_summary,dashboard_summary,e83da1de-4227-43e6-bcc6-73051c66914b,Ad Events Dashboard,advertising,7,8,8,0,"Dashboard 'Ad Events Dashboard' is in the advertising domain. It has a complexity score of 7 and a consolidation score of 8. It contains 8 metrics in total. Key metrics include:\n- Total Gross Revenue Amount: The total sum of gross revenue generated from advertising sales, typically before any deductions or adjustments.\n- Total Net Revenue Amount: The total sum of net revenue generated from advertising sales, after any deductions or adjustments.\n- Ad Type Classification: A classification of ad types based on the adsize_name, categorizing them into 'Sponsorship', 'Production', or 'Media'.\n- Gross Revenue by Ad Type: Total gross revenue broken down by the classified ad type (Sponsorship, Production, Media).\n- Gross Revenue by Source Publication: Total gross revenue attributed to each source unified publication name."
2104a3f5-9424-4087-a928-e67fecae789a_summary,dashboard_summary,2104a3f5-9424-4087-a928-e67fecae789a,Circulation Performance Dashboard_dev_20250415,finance,9,8,15,0,"Dashboard 'Circulation Performance Dashboard_dev_20250415' is in the finance domain. It has a complexity score of 9 and a consolidation score of 8. It contains 15 metrics in total. Key metrics include:\n- Actual Amount by Publication Group (Current Week): The total actual amount for the current fiscal week, grouped by major publication categories. Excludes 'Other' publication group and specific regional/lifestyle publications. Limited to 'All Sales Channels'.\n- Actual Amount (Current Week, All Sales Channels): The total actual amount for the current fiscal week, specifically for 'All Sales Channels', excluding certain publications.\n- Volume (Current Week, All Sales Channels): The total volume for the current fiscal week, specifically for 'All Sales Channels', excluding certain publications.\n- Budget Volume (7-day Avg, by Pub Group, Subscriptions): The 7-day average of budget volume, categorized by publication group, specifically for 'Subscriptions' sales channel, excluding certain publications. Complex derivation based on publication type and day of week.\n- Budget Volume (6-day Avg, by Pub Group, Subscriptions): The 6-day average of budget volume, categorized by publication group, specifically for 'Subscriptions' sales channel, excluding certain publications. Complex derivation based on publication type and day of week."
258a722d-9b6e-45df-ba00-1b9954ec36b2_summary,dashboard_summary,258a722d-9b6e-45df-ba00-1b9954ec36b2,Debtor to Account Mapping,advertising,2,2,5,0,"Dashboard 'Debtor to Account Mapping' is in the advertising domain. It has a complexity score of 2 and a consolidation score of 2. It contains 5 metrics in total. Key metrics include:\n- Adpoint Account: The unique identifier for an account within the Adpoint system.\n- Genera Booking Account: The unique identifier for an account within the Genera Booking system.\n- Medium Rare Debtor Account: The unique identifier for a debtor account within the Medium Rare system.\n- National Debtor Account: The unique identifier for a debtor account at the national level.\n- Last Update Time: The last time the underlying `gbaba_act_xref` table was modified, indicating data freshness."
9269e9c6-1ad0-4415-96c3-aca8a710ba01_summary,dashboard_summary,9269e9c6-1ad0-4415-96c3-aca8a710ba01,Team Sales Performance - FY26 (Interim),sales,8,8,12,0,"Dashboard 'Team Sales Performance - FY26 (Interim)' is in the sales domain. It has a complexity score of 8 and a consolidation score of 8. It contains 12 metrics in total. Key metrics include:\n- Current FY Gross Revenue (QLD Digital Police Union): Total gross revenue for the current financial year, specifically for QLD Consortium A1 / Direct A1 portfolios, Digital ad types, and the QLDGOVT QUEENSLAND POLICE UNION advertiser group.\n- Current FY Gross Revenue (k) (QLD Digital Police Union): Total gross revenue for the current financial year, in thousands, specifically for QLD Consortium A1 / Direct A1 portfolios, Digital ad types, and the QLDGOVT QUEENSLAND POLICE UNION advertiser group.\n- Previous FY Gross Revenue (QLD Digital Police Union): Total gross revenue for the previous financial year, specifically for QLD Consortium A1 / Direct A1 portfolios, Digital ad types, and the QLDGOVT QUEENSLAND POLICE UNION advertiser group.\n- Previous FY Gross Revenue (k) (QLD Digital Police Union): Total gross revenue for the previous financial year, in thousands, specifically for QLD Consortium A1 / Direct A1 portfolios, Digital ad types, and the QLDGOVT QUEENSLAND POLICE UNION advertiser group.\n- Filtered Current FY Gross Revenue (QLD Digital Police Union): Gross revenue for the current financial year, filtered by specific publication types OR specific date/revenue type conditions, for QLD Consortium A1 / Direct A1 portfolios, Digital ad types, and the QLDGOVT QUEENSLAND POLICE UNION advertiser group."
6e8b534b-485a-48dd-842d-13dc6bebb01a_summary,dashboard_summary,6e8b534b-485a-48dd-842d-13dc6bebb01a,SuperCoach Subscriptions,consumer,6,8,6,0,"Dashboard 'SuperCoach Subscriptions' is in the consumer domain. It has a complexity score of 6 and a consolidation score of 8. It contains 6 metrics in total. Key metrics include:\n- SuperCoach Acquisitions (Specific Rate Plans, Q1-Q2 2025): Count of distinct SuperCoach subscription acquisitions for specific rate plans ('SC_SDO_AP24AM12', 'SC_SDO_AP20AM12') between January 21, 2025, and June 30, 2025.\n- SuperCoach Acquisitions by Source Masthead (Specific Rate Plans, Q3 2024): Count of distinct SuperCoach subscription acquisitions for specific rate plans ('SC_SDO_AP24AM12', 'SC_SDO_AP20AM12') between July 1, 2024, and August 19, 2024, broken down by the first two characters of the 'sold_in_source_code' (Source Masthead).\n- Total SuperCoach Acquisitions (Q3 2024): Total count of distinct SuperCoach subscription acquisitions between July 1, 2024, and August 19, 2024.\n- SuperCoach Acquisitions by Source (Specific Subscriber, Q3 2024): Count of distinct SuperCoach subscription acquisitions for specific rate plans ('SC_SDO_AP24AM12', 'SC_SDO_AP20AM12') between July 1, 2024, and August 19, 2024, for a specific subscriber (ID 2452260), filtered by 'CS' Source Masthead and 'CSWEB_WBN1332_f' sold-in source code.\n- List of Distinct Subscriber IDs: A list of all distinct subscriber IDs present in the v_subscription_movement table."
705edcb5-737a-4600-b1a7-11870177f97a_summary,dashboard_summary,705edcb5-737a-4600-b1a7-11870177f97a,Programmatic Impact Reporting,advertising,7,8,6,0,"Dashboard 'Programmatic Impact Reporting' is in the advertising domain. It has a complexity score of 7 and a consolidation score of 8. It contains 6 metrics in total. Key metrics include:\n- Advertiser Name (General Filter): Lists distinct advertiser names based on general dashboard filters (billed/booked revenue, excluding Medium Rare Content Agency, non-null financial year).\n- Advertiser Name (2024 Calendar Year): Lists distinct advertiser names for the 2024 calendar year, based on general dashboard filters (billed/booked revenue, excluding Medium Rare Content Agency, non-null financial year).\n- Data Load Datetime (2025 Oct Financial Period): Shows the data load timestamps, truncated to the second, for records pertaining to the October 2025 financial period, applying general dashboard filters.\n- Programmatic Gross Revenue by Cost Model, FY, FM: Calculates the sum of gross revenue for programmatic transactions, broken down by cost model type, financial year, and financial month, specifically for PLUTO source system and 2025 financial year.\n- Cost Model Type (2025 Financial Year): Lists distinct cost model types for transactions in the 2025 financial year, applying general dashboard filters."
